molecule_chembl_id,canonical_smiles,standard_value,class
CHEMBL321180,CC(C)C[C@@H](C(=O)N[C@H](C(=O)c1c[nH]c2ccccc12)C(C)(C)C)[C@H](O)C(=O)NO,0.26,active
CHEMBL279078,CNC(=O)[C@H](Cc1cccc2c1CCCC2)NC(=O)[C@H](CC(C)C)[C@H](C)C(=O)NO,0.3,active
CHEMBL4088630,COc1ccc(S(=O)(=O)N2CCSC(C)(C)C2C(=O)NO)cc1,0.4,active
CHEMBL141080,COc1ccc(S(=O)(=O)N2CCSC(C)(C)[C@@H]2C(=O)NO)cc1,0.4,active
CHEMBL139886,Cc1cc(Br)ccc1S(=O)(=O)N1CCCSC(C)(C)[C@@H]1C(=O)NO,0.5,active
CHEMBL140511,CC1(C)SCCCN(S(=O)(=O)c2ccc(Br)cc2)[C@H]1C(=O)NO,0.7,active
CHEMBL140970,COc1ccc(S(=O)(=O)N2CCCSC(C)(C)[C@@H]2C(=O)NO)cc1,0.8,active
CHEMBL144611,CNC(=O)[C@@H](NC(=O)[C@H](CC(C)C)[C@H](OCc1ccc2c(ccc(=O)n2C)c1)C(=O)NO)C(C)(C)C,0.88,active
CHEMBL344633,CC1(C)SCCCN(S(=O)(=O)c2ccc(-c3ccccn3)s2)[C@H]1C(=O)NO,1.0,active
CHEMBL337594,COCOC1CSC(C)(C)[C@H](C(=O)NO)N(S(=O)(=O)c2ccc(OC)cc2)C1,1.0,active
CHEMBL342172,COc1ccc(S(=O)(=O)N2CCOCCSC(C)(C)[C@@H]2C(=O)NO)cc1,1.0,active
CHEMBL207776,C#CCOc1ccc(S(=O)(=O)N2CCSC(C)(C)[C@@H]2C(=O)NO)cc1,1.0,active
CHEMBL4785595,C=CC[C@H](C(=O)NO)[C@@H](CC(C)C)C(=O)N[C@H](C(=O)NC)C(C)(C)C,1.1,active
CHEMBL144843,CNC(=O)[C@@H](NC(=O)[C@H](CC(C)C)[C@H](NS(=O)(=O)c1cccc2cccnc12)C(=O)NO)C(C)(C)C,1.1,active
CHEMBL432991,C=CC[C@H](C(=O)NO)[C@@H](CC(C)C)C(=O)N[C@@H](Cc1ccccc1)C(=O)c1c[nH]c2ccccc12,1.1,active
CHEMBL6572,COc1ccc(S(=O)(=O)N2C[C@@H]3CCCN3C(=O)C[C@@H]2C(=O)NO)cc1,1.2,active
CHEMBL334909,CC1(C)[C@H](C(=O)NO)N(S(=O)(=O)c2ccc(Br)cc2)CCCS1(=O)=O,1.2,active
CHEMBL344759,CNC(=O)[C@@H](NC(=O)[C@H](CC(C)C)[C@H](NS(=O)(=O)c1ccc2ncccc2c1)C(=O)NO)C(C)(C)C,1.2,active
CHEMBL111798,C=CC[C@H](C(=O)NO)[C@@H](CC(C)C)C(=O)N[C@H](C(=O)c1c[nH]c2ccccc12)C(C)(C)C,1.2,active
CHEMBL370842,O=C1CC=C2C=CC=C(S(=O)(=O)CCC(=O)NO)N2C1,1.3,active
CHEMBL414852,O=C1CC=C2C=CC=C(C(=O)NCC(=O)NO)N2C1,1.3,active
CHEMBL198634,O=C1CC=C2C=CC=C(S(=O)(=O)NCC(=O)NO)N2C1,1.3,active
CHEMBL328903,CNC(=O)C(NC(=O)C(CC(C)C)C(NS(=O)(=O)c1cccc2cccc(=O)n12)C(=O)NO)C(C)(C)C,1.3,active
CHEMBL32730,CNC(=O)[C@H](Cc1ccccc1)NC(=O)[C@H](CC(C)C)[C@H](C)C(=O)NO,1.3,active
CHEMBL342100,CNC(=O)[C@@H](NC(=O)[C@H](CC(C)C)[C@H](NS(=O)(=O)c1ccc2ncnc(O)c2c1)C(=O)NO)C(C)(C)C,1.3,active
CHEMBL279785,CNC(=O)[C@@H](NC(=O)[C@H](CC(C)C)[C@H](O)C(=O)NO)C(C)(C)C,1.5,active
CHEMBL344060,CNC(=O)[C@@H](NC(=O)[C@H](CC(C)C)[C@@H](C(=O)NO)N(C)S(=O)(=O)c1ccccc1)C(C)(C)C,1.5,active
CHEMBL439983,CNC(=O)[C@@H](NC(=O)[C@H](CC(C)C)[C@H](NCc1cccc2cccnc12)C(=O)NO)C(C)(C)C,1.7,active
CHEMBL335719,CNC(=O)[C@H](Cc1ccc(OC)cc1)NC(=O)[C@H](CC(C)C)[C@@H](S)CC(=O)OCc1ccccc1,1.8,active
CHEMBL418292,CNC(=O)[C@@H]1Cc2ccc(cc2)OCCCC[C@H](C(=O)NO)[C@@H](CC(C)C)C(=O)N1,1.8,active
CHEMBL320045,CC(C)C[C@H]1C(=O)N[C@H](C(=O)c2ccc[nH]2)Cc2ccc(cc2)OCCCC[C@@H]1C(=O)NO,1.9,active
CHEMBL421932,COc1ccc(S(=O)(=O)N2CCOCCS(=O)(=O)C(C)(C)[C@@H]2C(=O)NO)cc1,1.9,active
CHEMBL342210,COc1ccc(S(=O)(=O)N2CCCS(=O)(=O)C(C)(C)[C@@H]2C(=O)NO)cc1,1.9,active
CHEMBL45483,CNC(=O)[C@H](Cc1ccc(OC)cc1)NC(=O)[C@@H](CC(=O)NO)CC(C)C,1.9,active
CHEMBL341570,COc1ccc(S(=O)(=O)N2C[C@@H](O)CS(=O)(=O)C(C)(C)[C@@H]2C(=O)NO)cc1,1.9,active
CHEMBL2107228,CO[C@H](C(=O)NO)[C@@H](CC(C)C)C(=O)N[C@H](C(=O)Nc1ccccn1)C(C)(C)C,10.0,active
CHEMBL80496,COc1ccc(CS(=O)(=O)C(C)(Cc2ccccc2)C(=O)NO)cc1,10.0,active
CHEMBL199149,Cc1cc(F)ccc1COc1ccc(S(=O)(=O)CCC(=O)NO)cc1,10.0,active
CHEMBL38851,N#Cc1ccc(-c2ccc(OCCC(=O)NO)cc2)cc1,10.0,active
CHEMBL339574,CNC(=O)[C@H](Cc1ccc(OC)cc1)NC(=O)[C@H](CC(C)C)[C@@H](S)CC(=O)OC(C)(C)C,10.0,active
CHEMBL96771,Cc1ccc(COc2ccc(S(=O)(=O)N3CCCC(C)(O)C3C(=O)NO)cc2)c(C)c1,10.0,active
CHEMBL15962,CCCCCCCC(C(=O)N[C@@H](CC(C)C)C(=O)NCCN1CCOCC1)C(O)CS,10.0,active
CHEMBL16115,CCCCCCCC(C(=O)CS)C(=O)N[C@@H](CC(C)C)C(=O)NC(=O)C(CC(C)C)NCC,10.0,active
CHEMBL16554,CCCCCCC[C@H](CC(=O)CS)C(=O)N[C@H](C(=O)NC)C(C)(C)C,10.0,active
CHEMBL52107,CNC(=O)C(Cc1c[nH]c2ccccc12)NC(=O)[C@@H](CC(=O)NNS(=O)(=O)c1ccc(C)cc1)CC(C)C,10.0,active
CHEMBL328162,COc1ccc(S(=O)(=O)N(C)C[C@H](C(=O)NO)[C@@H](CC2CCCC2)C(=O)N2CCCCC2)cc1,10.0,active
CHEMBL5187653,C=CC[C@H](C(=O)NO)C(CC(C)C)C(=O)N[C@@H](Cc1ccccc1)C(=O)NC,10.0,active
CHEMBL329298,COc1ccc(S(=O)(=O)N(C)C[C@H](C(=O)NO)[C@@H](CC2CCCC2)C(=O)N2CCOCC2)cc1,10.0,active
CHEMBL356471,CO/N=C1/C[C@H](C(=O)NO)N(S(=O)(=O)c2ccc(OC)cc2)C1,10.0,active
CHEMBL94363,CC#CCOc1ccc(S(=O)(=O)NC(C)(C)C(=O)NO)cc1,10.0,active
CHEMBL432223,CC(C(=O)NO)N(Cc1ccccc1Cl)S(=O)(=O)c1c(F)c(F)c(F)c(F)c1F,10.0,active
CHEMBL111104,C=CC[C@H](C(=O)NO)[C@@H](CC(C)C)C(=O)N[C@@H](Cc1ccccc1)C(=O)c1ccccc1,10.0,active
CHEMBL371101,Cc1cc(F)ccc1COc1ccc(S(=O)(=O)NCC(=O)NO)cc1,10.0,active
CHEMBL278927,CCCCCCCC(C(=O)N[C@@H](CCCCNS(=O)(=O)c1ccc(C)cc1)C(=O)NC(=O)C(CC(C)C)NCC)C(O)CS,10.0,active
CHEMBL197931,Cc1cc(F)ccc1COc1ccc(C(=O)NCC(=O)NO)cc1,10.0,active
CHEMBL199120,Cc1cc(F)ccc1COc1ccc(C(=O)CCC(=O)NO)cc1,10.0,active
CHEMBL76356,CCCCCCCCS(=O)(=O)C(C)(Cc1ccc(OCCN2CCCCC2)cc1)C(=O)NO,10.0,active
CHEMBL95614,CS(=O)(=O)N(C[C@H](C(=O)NO)[C@@H](CC1CCCC1)C(=O)N1CCCCC1)C1CC1,10.0,active
CHEMBL148213,CCCOc1ccc(S(=O)(=O)N2C[C@@H](N3CCCS3(=O)=O)C[C@@H]2C(=O)NO)cc1,100.0,active
CHEMBL370312,CC1(C)C[C@@H](O)CN(S(=O)(=O)c2ccc(OCc3ccc(Br)cc3)cc2)[C@H]1C(=O)NO,100.0,active
CHEMBL292313,CCCCCCCC[C@H](CC(=O)NO)C(=O)N[C@H](C(=O)NC)C(C)(C)C,100.0,active
CHEMBL76673,COc1ccc(S(=O)(=O)C(C)(Cc2ccccc2)C(=O)NO)cc1,100.0,active
CHEMBL35433,COc1ccc(S(=O)(=O)N(Cc2cccnc2)c2c(C(=O)NO)cnc3c(Cc4ccccc4)cccc23)cc1,100.0,active
CHEMBL263459,CCC[C@@H]([C@@H](CC(C)C)C(=O)N[C@@H](CCC/N=C(/N)NS(C)(=O)=O)C(=O)Nc1nccs1)N(O)C=O,100.0,active
CHEMBL316550,CNC(=O)[C@H](Cc1ccccc1)NC(=O)[C@H](Cc1cc2ccccc2o1)[C@H](O)C(=O)NO,100.0,active
CHEMBL115348,CNC(=O)[C@H](Cc1ccccc1)NC(=O)[C@H](CC(C)C)[C@H](CSC/C(=N/O)c1ccccc1)C(=O)NO,100.0,active
CHEMBL329784,O=C(NC1CCCCC1)P(=O)(O)O,100.0,active
CHEMBL324564,CNC(=O)[C@H](Cc1ccccc1)NC(=O)[C@H](CC(C)C)[C@H](CSCC(=O)c1ccccc1)C(=O)NO,100.0,active
CHEMBL5196672,NC1CCCCC1NC(=O)P(=O)(O)O,100.0,active
CHEMBL114378,COc1ccc(S(=O)(=O)NC(C)(C)C(=O)NO)cc1,100.0,active
CHEMBL115326,CC(C)C[C@@H](C(=O)N[C@@H](Cc1ccccc1)C(N)=O)[C@H](CSCC(=O)c1ccccc1)C(=O)NO,100.0,active
CHEMBL97388,CNC(=O)P(=O)(O)O,100000.0,inactive
CHEMBL540952,O=C(NC1CC1)P(=O)(O)O,100000.0,inactive
CHEMBL97709,O=C(NC1CCCCCCC1)P(=O)(O)O,100000.0,inactive
CHEMBL1160686,CC(C)CCNC(=O)P(=O)(O)O.NC1CCCCC1,100000.0,inactive
CHEMBL226853,O=C(C[C@@H](CCCC1CCCCC1)c1nc(-c2cc(C(=O)O)ccn2)no1)NO,100000.0,inactive
CHEMBL229866,CC(C)(CO)NCc1noc([C@H](CCCC2CCCCC2)CC(=O)NO)n1,100000.0,inactive
CHEMBL389020,CS(=O)(=O)NCc1noc([C@H](CCCC2CCCCC2)CC(=O)NO)n1,100000.0,inactive
CHEMBL439012,O=C(C[C@@H](CCCC1CCCCC1)c1nc(C(=O)NS(=O)(=O)c2ccccc2)no1)NO,100000.0,inactive
CHEMBL355754,CC(C)C[C@@H](N[P@@](C)(=O)c1ccccc1)C(=O)NO,100000.0,inactive
CHEMBL103665,CC(C)CC(Cc1ccccc1S)C(=O)NC1CCCCCCCCCCNC1=O,100000.0,inactive
CHEMBL95763,O=C(NC1CCC1)P(=O)(O)O,100000.0,inactive
CHEMBL55843,CC(=O)N[C@@H](CS)C(=O)N[C@@H](Cc1ccccc1)C(N)=O,100000.0,inactive
CHEMBL84969,CCCCC(CN(O)C=O)C(=O)N[C@H](C(=O)N(C)C)C(C)(C)C,100000.0,inactive
CHEMBL323285,CNC(=O)[C@H](Cc1ccc(OC)cc1)NC(=O)C(Cc1cccnc1S)CC(C)C,100000.0,inactive
CHEMBL451552,CNC(=O)[C@H](Cc1ccc(OC)cc1)NC(=O)C(CC(C)C)NC(C)P(C)(=O)O,100000.0,inactive
CHEMBL95170,CNC(=O)[C@H](Cc1ccccc1)NC(=O)[C@H](CC(C)C)NC(CCN1C(=O)c2cccc3cccc(c23)C1=O)[PH](=O)O,100000.0,inactive
CHEMBL297995,CCC(NC(CC(C)C)C(=O)N[C@@H](Cc1ccc(OC)cc1)C(=O)NC)[PH](=O)O,100000.0,inactive
CHEMBL43206,CC(C)[C@H](NS(=O)(=O)c1ccc(-c2cccc(Br)c2)cc1)C(=O)O,100000.0,inactive
CHEMBL133199,CC(C)C[C@@H](N)C(=O)N[C@@H](CC(C)C)C(=O)N[C@@H](Cc1ccccc1)C(N)=O,100000.0,inactive
CHEMBL372405,Cc1c(COc2ccc(-c3ccc(S(=O)(=O)N[C@H](Cc4ccccc4)C(=O)O)cc3)cc2)oc2ccccc12,100000.0,inactive
CHEMBL5417105,CC(C)(C)[C@H](NC(=O)[C@H](Cc1ccncc1)NC(=O)CNC(=O)CC[C@H](NS(=O)(=O)c1ccc(Cl)c(C(F)(F)F)c1)C(=O)O)C(=O)N1CCC[C@H]1CC(N)=O,100000.0,inactive
CHEMBL97614,O=C(NC1CCCCCC1)P(=O)(O)O,100000.0,inactive
CHEMBL2333282,C=CCOC(=O)C(Cc1ccc(OC)c(OC)c1)OC(=O)/C=C/c1ccc(C(F)(F)F)cc1,100000.0,inactive
CHEMBL3358158,Cn1ccnc1[C@]1(CNC(=O)c2cc3cc(C(F)(F)F)ccc3o2)NC(=O)NC1=O,100000.0,inactive
CHEMBL4450729,CCn1ccnc1[C@]1(CNC(=O)c2cc3cc(C(F)(F)F)ccc3o2)NC(=O)NC1=O,100000.0,inactive
CHEMBL4436740,Cc1cnc([C@]2(CNC(=O)c3cc4cc(C(F)(F)F)ccc4o3)NC(=O)NC2=O)n1C,100000.0,inactive
CHEMBL2402203,C[C@H](NC(=O)[C@H](Cc1ccccc1)NC(=O)OCc1ccccc1)C(=O)CF,100000.0,inactive
CHEMBL2431018,O=C(CNS(=O)(=O)c1ccc(OCc2cccc(-c3ccccc3)c2)cc1)NO,100000.0,inactive
CHEMBL2333262,COc1ccc(CC(OC(=O)/C=C/c2ccc(C)cc2)C(=O)O)cc1OC,100000.0,inactive
CHEMBL2333270,COc1ccc(/C=C/C(=O)OC(Cc2ccc(OC)c(OC)c2)C(=O)O)cc1,100000.0,inactive
CHEMBL3098982,Cc1cc(N)c2cc(NC(=O)Nc3ccc(C(=O)c4ccccc4)cc3)ccc2n1,100000.0,inactive
CHEMBL2333272,COc1ccc(/C=C/C(=O)OC(Cc2ccc(OC)c(OC)c2)C(=O)O)cc1OC,100000.0,inactive
CHEMBL2333275,COc1ccc(CC(OC(=O)/C=C/c2ccc3c(c2)OCC3)C(=O)O)cc1OC,100000.0,inactive
CHEMBL2333283,C=CCOC(=O)C(Cc1ccc(OC)c(OC)c1)OC(=O)/C=C/c1ccc(Cl)cc1,100000.0,inactive
CHEMBL2333284,C=CCOC(=O)C(Cc1ccc(OC)c(OC)c1)OC(=O)/C=C/c1ccc(Br)cc1,100000.0,inactive
CHEMBL2333285,C=CCOC(=O)C(Cc1ccc(OC)c(OC)c1)OC(=O)/C=C/c1ccc([N+](=O)[O-])cc1,100000.0,inactive
CHEMBL2333286,C=CCOC(=O)C(Cc1ccc(OC)c(OC)c1)OC(=O)/C=C/c1ccc(OCc2ccccc2)cc1,100000.0,inactive
CHEMBL1933882,N#C/C(=C\c1ccc(-c2cccs2)s1)c1nc2ccccc2[nH]1,100000.0,inactive
CHEMBL1933865,COc1ccc(/C=C(\C#N)c2nc3ccccc3[nH]2)cc1I,100000.0,inactive
CHEMBL2333274,COc1ccc(CC(OC(=O)/C=C/c2ccc3ccccc3c2)C(=O)O)cc1OC,100000.0,inactive
CHEMBL4590201,O=C(CF)CNC(=O)[C@H](Cc1ccccc1)NC(=O)c1ccccc1,100000.0,inactive
CHEMBL3098973,COc1ncccc1CCC(=O)Nc1ccc2nc(C)cc(N)c2c1,100000.0,inactive
CHEMBL3099009,COc1ccccc1/C=C/C(=O)Nc1ccc2nc(C)cc(N)c2c1,100000.0,inactive
CHEMBL125104,O=C(O)[C@H]1[C@H](CN2C(=O)c3ccccc3C2=O)CC[C@@H]1SCc1ccc(-c2ccccc2)cc1,100000.0,inactive
CHEMBL339315,O=C(O)[C@H]1[C@H](Cn2nnc3ccccc3c2=O)CC[C@@H]1Sc1ccc(-c2c[nH]nn2)cc1,100000.0,inactive
CHEMBL3394285,O=C(/C=C/c1ccc(C(F)(F)F)cc1)NO,100000.0,inactive
CHEMBL3235416,CNC(=O)[C@H](Cc1c[nH]cn1)NC(=O)CN(CCCc1ccccc1)CC(=O)O,100000.0,inactive
CHEMBL3099020,Cc1cc(N)c2cc(NC(=O)c3ccc(Oc4ccccc4)cc3)ccc2n1,100000.0,inactive
CHEMBL3099031,Cc1cc(N)c2cc(NC(=O)c3ccc(-c4ccc5ncccc5c4)cc3)ccc2n1,100000.0,inactive
CHEMBL3098987,Cc1cc(N)c2cc(NC(=O)COc3ccc(OCc4ccccc4)cc3)ccc2n1,100000.0,inactive
CHEMBL103442,O=C(NO)C(CCN1C(=O)c2ccccc2S1(=O)=O)COc1ccc(-c2ccccc2)cc1,100000.0,inactive
CHEMBL3098990,COc1ccccc1CCC(=O)Nc1ccc2nc(C)cc(N)c2c1,100000.0,inactive
CHEMBL126380,O=C(O)[C@H]1[C@H](Cn2nnc3ccccc3c2=O)CC[C@@H]1Sc1ccc(-c2ccc(Cl)cc2)cc1,100000.0,inactive
CHEMBL3098994,Cc1cc(N)c2cc(NC(=O)c3ccc(-c4cccc5cccnc45)cc3)ccc2n1,100000.0,inactive
CHEMBL3098995,Cc1cc(N)c2cc(NC(=O)c3cccc(-c4ccc5ncccc5c4)c3)ccc2n1,100000.0,inactive
CHEMBL3098996,Cc1cc(N)c2cc(NC(=O)c3cccc(-c4cnc5ccccc5c4)c3)ccc2n1,100000.0,inactive
CHEMBL125302,O=C(O)[C@H]1[C@H](Cn2nnc3ccccc3c2=O)CC[C@@H]1Sc1ccc(-c2nccs2)cc1,100000.0,inactive
CHEMBL3098999,Cc1cc(N)c2cc(NC(=O)c3cccc(-c4cccc5cccnc45)c3)ccc2n1,100000.0,inactive
CHEMBL3099007,Cc1cc(N)c2cc(NC(=O)CCc3ccccc3C(F)(F)F)ccc2n1,100000.0,inactive
CHEMBL3098992,Cc1cc(N)c2cc(NC(=O)c3ccc(-c4cncc5ccccc45)cc3)ccc2n1,100000.0,inactive
CHEMBL127787,O=C(O)[C@H]1[C@H](Cn2nnc3ccccc3c2=O)CC[C@@H]1S(=O)(=O)CCc1ccc(-c2ccc(Cl)cc2)cc1,100000.0,inactive
CHEMBL341249,O=C(O)[C@H]1[C@H](Cn2nnc3ccccc3c2=O)CC[C@@H]1S(=O)(=O)c1ccc(-c2ccc(Cl)cc2)cc1,100000.0,inactive
CHEMBL4869361,[2H]C([2H])(NC(=O)c1cc(C(=O)NCc2ccc(F)c(C)c2)ncn1)c1ccc(C(=O)O)cc1,100000.0,inactive
CHEMBL511203,CC(C)C(=O)c1ccc(OCc2ccc(-c3ccc(S(=O)(=O)N[C@@H](C(=O)O)C(C)C)cc3)cc2)cc1,100000.0,inactive
CHEMBL318252,Cc1cc(COc2ccc(S(=O)(=O)CC(C=C3CCN(CC(C)C)CC3)N(O)C=O)cc2)c2ccccc2n1,100000.0,inactive
CHEMBL466118,CC(C)[C@@H](NS(=O)(=O)c1ccc(-c2ccc(COc3ccc4c(c3)CCCC4=O)cc2)cc1)C(=O)O,100000.0,inactive
CHEMBL270083,N[C@H]1CCCC[C@H]1NC(=O)P(=O)(O)O,100000.0,inactive
CHEMBL409536,O=C(OCc1ccccc1)c1cn2c(=O)n(Cc3ccccc3)c(=O)cc2s1,100000.0,inactive
CHEMBL575895,COc1ccc(S(=O)(=O)c2ccccc2C(=O)NO)cc1,100000.0,inactive
CHEMBL585376,COc1ccc(S(=O)(=O)c2ccccc2CC(=O)O)cc1,100000.0,inactive
CHEMBL4520267,O=C(CF)CNC(=O)[C@H](Cc1ccccc1)NC(=O)c1cccc2ccccc12,100000.0,inactive
CHEMBL575881,CC(C)ON([C@@H](C(=O)O)C(C)C)S(=O)(=O)c1ccc(-c2ccccc2)cc1,100000.0,inactive
CHEMBL605201,COc1cccc(CNC(=O)c2cccc(C(=O)NCc3cccc(OC)c3)c2)c1,100000.0,inactive
CHEMBL468722,CC(C)[C@@H](NS(=O)(=O)c1ccc(-c2ccc(COc3ccc(C(=O)c4ccc(F)cc4)cc3)cc2)cc1)C(=O)O,100000.0,inactive
CHEMBL467891,CC(C)[C@@H](NS(=O)(=O)c1ccc(-c2ccc(COc3ccc(C(=O)C4CCCCC4)cc3)cc2)cc1)C(=O)O,100000.0,inactive
CHEMBL5186294,O=C(O)[C@H](CCc1ccccc1)NS(=O)(=O)c1ccc(Cl)c(C(F)(F)F)c1,100000.0,inactive
CHEMBL250266,COC[C@@H](NC(=O)[C@@H](NC(=O)[C@H](CCCc1ccc(-c2ccccc2)c(C)c1)CC(=O)O)C(C)(C)C)c1ccccc1,100000.0,inactive
CHEMBL1683449,C[C@@H](C[C@@](C)(CS(=O)(=O)N1CCC(CCc2ccc(C(F)(F)F)cc2Cl)CC1)N(O)C=O)c1ncc(F)cn1,100000.0,inactive
CHEMBL5192674,CC(C)C[C@H](NC(=O)CNC(=O)CC[C@H](NS(=O)(=O)c1ccc(Cl)c(C(F)(F)F)c1)C(=O)O)C(=O)N[C@H](C(N)=O)C(C)C,100000.0,inactive
CHEMBL1683458,Cc1cc(CCC2CCN(S(=O)(=O)C[C@](C)(C[C@H](C)c3ncc(F)cn3)N(O)C=O)CC2)c(C)cn1,100000.0,inactive
CHEMBL1683461,Cc1cc(C)c(CCC2CCN(S(=O)(=O)C[C@](C)(C[C@H](C)c3ncc(F)cn3)N(O)C=O)CC2)cn1,100000.0,inactive
CHEMBL5186687,O=C(Nc1ccc(Cl)c(Cl)c1)c1ccc2nc(P(=O)(O)O)c(P(=O)(O)O)nc2c1,100000.0,inactive
CHEMBL5178826,O=P(O)(O)c1nc2ccc(-c3ccc(Cl)cc3)cc2nc1P(=O)(O)O,100000.0,inactive
CHEMBL675,NCCCC(O)(P(=O)([O-])O)P(=O)(O)O.[Na+],100000.0,inactive
CHEMBL5187038,CC(=O)Nc1ccccc1OCc1cn(CCNC(=O)C(CC(C)C)C(=O)NO)nn1,100000.0,inactive
CHEMBL5183142,CC(C)C[C@H](NC(=O)CNC(=O)CC[C@H](NS(=O)(=O)c1ccc(Cl)c(C(F)(F)F)c1)C(=O)O)C(=O)N[C@H](C(=O)N[C@@H](C)C(N)=O)C(C)C,100000.0,inactive
CHEMBL4633785,O=C(O)c1c(F)ccc2c1OB(O)[C@@H]1C[C@H]21,1000000.0,inactive
CHEMBL434204,N#Cc1ccc(-c2ccc(OCC(CN3C(=O)CCC3=O)N(O)C=O)cc2)cc1,10000000.0,inactive
CHEMBL93074,CC(=O)NC(CS(=O)(=O)c1ccc(Sc2ccccc2)cc1)C(=O)NO,10000000.0,inactive
CHEMBL42862,CC(C)CC(COc1ccc(-c2ccc(C#N)cc2)cc1)N(O)C=O,10000000.0,inactive
CHEMBL39035,N#Cc1ccc(-c2ccc(OCC(c3ccc(F)cc3)N(O)C=O)cc2)cc1,10000000.0,inactive
CHEMBL93058,CC(=O)N[C@H](CS(=O)(=O)c1ccc(Sc2ccccc2)cc1)C(=O)NO,10000000.0,inactive
CHEMBL90456,CC(C)(C)OC(=O)N[C@H](CS(=O)(=O)c1ccc(Sc2ccccc2)cc1)C(=O)NO,10000000.0,inactive
CHEMBL328121,O=C(CNC(=O)OCc1ccccc1)NC(CS(=O)(=O)c1ccc(Sc2ccccc2)cc1)C(=O)NO,10000000.0,inactive
CHEMBL316122,NC(CS(=O)(=O)c1ccc(Sc2ccccc2)cc1)C(=O)NO,10000000.0,inactive
CHEMBL41485,N#Cc1ccc(-c2ccc(OCC(COc3ccccc3)N(O)C=O)cc2)cc1,10000000.0,inactive
CHEMBL91608,O=C(NC(CS(=O)(=O)c1ccc(Sc2ccccc2)cc1)C(=O)NO)OCc1ccccc1,10000000.0,inactive
CHEMBL290457,CN1C(=O)N(CCC(COc2ccc(-c3ccc(C#N)cc3)cc2)N(O)C=O)C(=O)C1(C)C,10000000.0,inactive
CHEMBL38717,N#Cc1ccc(-c2ccc(OCC(CN3C(=O)c4ccccc4C3=O)N(O)C=O)cc2)cc1,10000000.0,inactive
CHEMBL41067,CC(COc1ccc(-c2ccc(C#N)cc2)cc1)N(O)C=O,10000000.0,inactive
CHEMBL181682,COc1ccc(-c2csc(C(=O)NCCN3CCOCC3)c2)cc1,101000.0,inactive
CHEMBL402720,O=C(OCc1ccccc1)c1cccc(S)n1,101000.0,inactive
CHEMBL442286,O=C(OC1CCCCC1)c1cccc(S)n1,102000.0,inactive
CHEMBL399999,O=C(Oc1ccsc1)c1cccc(S)n1,108000.0,inactive
CHEMBL399908,COc1ccc(COC(=O)c2cccc(S)n2)cc1,108000.0,inactive
CHEMBL1914702,[N-]=[N+]=NCc1cc(N=[N+]=[N-])cc(C(=O)Nc2ccc(-c3cc(C(=O)NCCCCCCC(=O)NO)no3)cc2)c1,108000.0,inactive
CHEMBL3932562,CC(C)[C@H](NS(=O)(=O)c1ccc(-c2cccc(CNC(=O)c3nc4ccccc4c(=O)[nH]3)c2)cc1)C(=O)NO,11.0,active
CHEMBL441177,C#CCCCOc1ccc(S(=O)(=O)N2CCSC(C)(C)[C@@H]2C(=O)NO)cc1,11.0,active
CHEMBL16933,CNC(=O)[C@@H](NC(=O)[C@@H](CC(=O)CS)CC(C)C)C(C)(C)C,11.0,active
CHEMBL292545,CCCCCCCC[C@H](CC(=O)NO)C(=O)N[C@H]1CCCCN(CC(=O)OC)C1=O,11.0,active
CHEMBL16630,CNC(=O)[C@@H](NC(=O)[C@H](CC(C)C)C[C@H](O)CS)C(C)(C)C,11.0,active
CHEMBL226439,COc1ccc(S(=O)(=O)N(CC(=O)NO)OC(C)C)cc1,110000.0,inactive
CHEMBL400449,O=C(OCc1cc(F)ccc1F)c1cccc(S)n1,114000.0,inactive
CHEMBL250070,O=C(OCc1ccc(Oc2ccccc2)cc1)c1cccc(S)n1,114000.0,inactive
CHEMBL1927185,O=C(O)COc1ccccc1/C=C1/NC(=S)NC1=O,114000.0,inactive
CHEMBL399504,O=C(Oc1cccc2ccccc12)c1cccc(=O)[nH]1,115000.0,inactive
CHEMBL249859,CCCCCCOC(=O)c1cccc(S)n1,115000.0,inactive
CHEMBL254611,O=C(OCc1cccc(F)c1)c1cccc(S)n1,119000.0,inactive
CHEMBL251425,O=C(OCc1ccc(-c2ccccc2)cc1)c1cccc(S)n1,119000.0,inactive
CHEMBL123571,CC(C)C[C@H](CC(=O)NO)C(=O)N[C@@H](Cc1ccccc1)C(=O)NCC=O,12.0,active
CHEMBL294618,NC(=O)[C@H](Cc1cccnc1)NC(=O)[C@H](CS)NC(=O)c1ccc2[nH]nnc2c1,12.0,active
CHEMBL129561,CNC(=O)[C@H](Cc1c[nH]c2ccccc12)NC(=O)[C@@H](CC(C)C)[C@H](S)CC(=O)OC,12.0,active
CHEMBL158823,CNC(=O)[C@H](Cc1ccccc1)NC(=O)[C@H](CC(C)C)N[C@H](CCN1C(=O)c2cc3c(cc2C1=O)OCO3)C(=O)O,12.0,active
CHEMBL2115216,CC(C)CC(CC(=O)NO)C(=O)N[C@H]1CCCCNCCCCCNC1=O,12.0,active
CHEMBL2431029,O=C(CNS(=O)(=O)c1ccc(OCc2ccc(Br)cc2)cc1)NO,120000.0,inactive
CHEMBL250057,O=C(OCc1ccc(F)cc1)c1cccc(S)n1,120000.0,inactive
CHEMBL252522,O=C(OCCc1ccccc1)c1cccc(S)n1,120000.0,inactive
CHEMBL404205,CC(C)OC(=O)c1cccc(S)n1,121000.0,inactive
CHEMBL250059,O=C(OCc1cc(F)c(F)cc1F)c1cccc(S)n1,124000.0,inactive
CHEMBL251081,O=C(OCc1ccc(Cl)cc1)c1cccc(S)n1,126000.0,inactive
CHEMBL253189,O=C(OCc1ccc2c(c1)OCO2)c1cccc(=O)[nH]1,128000.0,inactive
CHEMBL422970,CNC(=O)[C@@H](NC(=O)C(CC(C)C)C(S)CC(=O)OC)C(C)OCc1ccccc1,13.0,active
CHEMBL3900422,CC(C)[C@H](C(=O)NO)N(CCNC(=O)c1ccccc1)S(=O)(=O)c1ccc(-c2ccccc2)cc1,13.0,active
CHEMBL325552,CC(C)C[C@H]1C(=O)N[C@H](C(=O)c2ccccc2)Cc2ccc(cc2)OCCCC[C@@H]1C(=O)NO,13.0,active
CHEMBL342248,COc1ccc(S(=O)(=O)N2CCS(=O)(=O)C(C)(C)[C@@H]2C(=O)NO)cc1,13.0,active
CHEMBL151539,CCCOc1ccc(S(=O)(=O)N2C/C(=N\OC)C[C@@H]2C(=O)NO)cc1,13.0,active
CHEMBL415482,COc1ccc(S(=O)(=O)N2CCN(Cc3ccccc3)C(=O)C[C@@H]2C(=O)NO)cc1,13.6,active
CHEMBL254405,O=C(OCc1cccc(C(F)(F)F)c1)c1cccc(S)n1,134000.0,inactive
CHEMBL252327,O=C(OC1CCC1)c1cccc(S)n1,135000.0,inactive
CHEMBL254610,O=C(OCCCCOc1ccccc1)c1cccc(S)n1,138000.0,inactive
CHEMBL418725,CNC(=O)[C@@H](NC(=O)C(CC(C)C)C(=O)CS)C(C)(C)C,14.0,active
CHEMBL109596,C=CC[C@H](C(=O)NO)[C@@H](CC(C)C)C(=O)N[C@@H](Cc1ccccc1)C(=O)c1cccnc1,14.0,active
CHEMBL310472,CCN(CC)COc1ccc(CC(C)(C(=O)NO)S(=O)(=O)c2ccc(-c3ccco3)cc2)cc1,14.0,active
CHEMBL398271,CC(N)P(=O)(O)CC(CSCc1ccccc1)C(=O)NC(Cc1c[nH]c2ccccc12)C(N)=O,14.13,active
CHEMBL419875,O=C(NC(CS(=O)(=O)c1ccc(Oc2ccccc2)cc1)C(=O)NO)OCc1ccccc1,1400000.0,inactive
CHEMBL289108,N#Cc1ccc(-c2ccc(OCC(Cc3ccc(F)cc3)N(O)C=O)cc2)cc1,14000000.0,inactive
CHEMBL288510,CC1(C)NC(=O)N(CCC(COc2ccc(-c3ccc(C#N)cc3)cc2)N(O)C=O)C1=O,14000000.0,inactive
CHEMBL514138,COc1ccc(S(=O)(=O)N(Cc2cccnc2)[C@@H](C(=O)NO)C(C)C)cc1.Cl,15.0,active
CHEMBL16118,CCCCCCCC(C(=O)CS)C(=O)N[C@H](C(=O)NC)C(C)(C)C,15.0,active
CHEMBL356011,C=C1C[C@H](C(=O)NO)N(S(=O)(=O)c2ccc(Oc3ccccc3)cc2)C1,15.0,active
CHEMBL279964,CNC(=O)[C@@H](NC(=O)[C@@H](CC(=O)NO)CC(C)C)c1ccccc1,15.0,active
CHEMBL352232,CCCOc1ccc2c(c1)C(=O)N(CC[C@@H](N[C@@H](CC(C)C)C(=O)N[C@@H](Cc1ccccc1)C(=O)NC)C(=O)O)C2=O,15.0,active
CHEMBL331311,CC(C)CC(C(=O)NO)N(Cc1ccccc1)S(=O)(=O)C(F)(F)C(F)(F)C(F)(F)C(F)(F)F,15.85,active
CHEMBL428762,C(=C/c1ccccc1)\Cn1nnc(Cc2cccnc2)n1,150000.0,inactive
CHEMBL400358,c1ccc(CCCn2nnc(Cc3cccnc3)n2)cc1,150000.0,inactive
CHEMBL251465,c1ccc(CCn2nnc(Cc3cccnc3)n2)cc1,150000.0,inactive
CHEMBL400357,c1ccc(Cn2nnc(Cc3cccnc3)n2)cc1,150000.0,inactive
CHEMBL398662,O=C(OCc1ccc(C(F)(F)F)cc1)c1cccc(S)n1,150000.0,inactive
CHEMBL399998,c1cncc(Cc2nn[nH]n2)c1,150000.0,inactive
CHEMBL400851,c1ccc(CCn2cc(C3=NCCO3)nn2)cc1,150000.0,inactive
CHEMBL249863,c1ccc(CCCn2cc(C3=NCCO3)nn2)cc1,150000.0,inactive
CHEMBL249862,c1ccc(Cn2cc(C3=NCCO3)nn2)cc1,150000.0,inactive
CHEMBL400850,CCCCCCCn1cc(C2=NCCO2)nn1,150000.0,inactive
CHEMBL249861,CCCCCCn1cc(C2=NCCO2)nn1,150000.0,inactive
CHEMBL251423,O=C(Oc1cccc2ccccc12)c1cccc(S)n1,150000.0,inactive
CHEMBL399997,O=C(OCc1ccccc1Br)c1cccc(S)n1,150000.0,inactive
CHEMBL254404,Cc1ccc(COC(=O)c2cccc(S)n2)cc1,150000.0,inactive
CHEMBL249249,C(=C/c1ccccc1)\Cn1cc(C2=NCCO2)nn1,150000.0,inactive
CHEMBL254403,Cc1cccc(COC(=O)c2cccc(S)n2)c1,150000.0,inactive
CHEMBL249860,C1=C(n2cc(C3=NCCO3)nn2)CCCC1,150000.0,inactive
CHEMBL327901,COc1ccc(S(=O)(=O)CC(NC(=O)OC(C)(C)C)C(=O)NO)cc1,1500000.0,inactive
CHEMBL129795,O=C(/C=C/c1ccc(O)cc1)c1ccc(O)cc1O,16.0,active
CHEMBL96049,COc1ccc(S(=O)(=O)N2Cc3ccccc3N(C(=O)c3ccccc3)CC2C(=O)NO)cc1,16.0,active
CHEMBL102785,COc1ccc(S(=O)(=O)N(CC(=O)NC2CCCCC2)C(CCSCc2ccccc2)C(=O)NO)cc1,16.0,active
CHEMBL328792,CN(C(=O)OC(C)(C)C)[C@H](CS(=O)(=O)c1ccc(Oc2ccccc2)cc1)C(=O)NO,1600000.0,inactive
CHEMBL150655,COc1ccc(S(=O)(=O)N2C/C(=N\O)C[C@@H]2C(=O)NO)cc1,17.0,active
CHEMBL381163,CC#CCOc1ccc(S(=O)(=O)N2C[C@H](CC(=O)O)SC(C)(C)[C@@H]2C(=O)NO)cc1,17.0,active
CHEMBL343653,O=C(NO)[C@H]1C[C@H](N2CCCCC2)CN1S(=O)(=O)c1ccc(Oc2ccccc2)cc1,17.0,active
CHEMBL338502,CNC(=O)[C@H](Cc1ccc(OC)cc1)NC(=O)C(CC(C)C)C(C)S,17.0,active
CHEMBL103737,CNC(=O)[C@H](Cc1ccc(OC)cc1)NC(=O)[C@H](CC(C)C)[C@H](C)S,17.0,active
CHEMBL338007,COc1ccc(S(=O)(=O)N2CCN(C(=O)OCc3cccnc3)CC2C(=O)NO)cc1,18.0,active
CHEMBL69268,COc1ccc(S(=O)(=O)N(Cc2cccnc2)c2c(C(=O)NO)cc(C)cc2-c2ccco2)cc1,18.0,active
CHEMBL3889936,CC(C)C(CS(=O)(=O)c1ccc(-c2cccc(CNC(=O)c3nc4ccccc4c(=O)[nH]3)c2)cc1)N(O)C=O,18.0,active
CHEMBL99072,COc1ccc(S(=O)(=O)N2Cc3ccccc3N(C(C)=O)CC2C(=O)NO)cc1,18.0,active
CHEMBL95237,CNC(=O)[C@H](Cc1c[nH]c2ccccc12)NC(=O)/C(=C/C(C)C)CC(=O)NO,18.0,active
CHEMBL135783,CC(C)C[C@@H](C(=O)N[C@H](C(=O)Nc1nccs1)[C@H](C)CC/N=C(/N)NS(C)(=O)=O)[C@H](C)N(O)C=O,18.0,active
CHEMBL43403,CC(C)C[C@H](CC(=O)NO)C(=O)N[C@@H](Cc1c[nH]c2ccccc12)c1ncc[nH]1,18.0,active
CHEMBL139884,CCCCOc1ccc(S(=O)(=O)N2CCCSC(C)(C)[C@@H]2C(=O)NO)cc1,18.0,active
CHEMBL2431020,O=C(CNS(=O)(=O)c1ccc(OCc2cc(F)cc(F)c2)cc1)NO,181000.0,inactive
CHEMBL436205,CCCCOc1ccc(S(=O)(=O)N2CCCS(=O)(=O)C(C)(C)[C@@H]2C(=O)NO)cc1,19.0,active
CHEMBL422848,O=C(NO)[C@H]1C[C@H](N2CCCC2)CN1S(=O)(=O)c1ccc(Oc2ccccc2)cc1,19.0,active
CHEMBL352068,CNC(=O)[C@H](Cc1ccccc1)NC(=O)[C@H](CC(C)C)N[C@H](CCN1C(=O)c2ccc(-c3ccccc3)cc2C1=O)C(=O)O,19.0,active
CHEMBL342548,COc1ccc(S(=O)(=O)N2C[C@@H](N(C)S(C)(=O)=O)C[C@@H]2C(=O)NO)cc1,19.0,active
CHEMBL31928,COC(=O)[C@@H]1CCN(S(=O)(=O)c2ccc(OC)cc2)[C@@H](C(=O)NO)C1,19.0,active
CHEMBL351888,CNC(=O)C(NC(=O)[C@H](CC(C)C)N[C@H](CCN1C(=O)c2cc3ccccc3cc2C1=O)C(=O)O)c1ccccc1,19.0,active
CHEMBL206481,CC#CCOc1ccc(S(=O)(=O)N2C[C@H](CNS(C)(=O)=O)SC(C)(C)[C@@H]2C(=O)NO)cc1,19.0,active
CHEMBL111262,CC[C@H](C)[C@H](NC(=O)C(CC(C)C)[C@H](C(C)C)N(O)C=O)C(=O)Nc1ccccn1,19.0,active
CHEMBL436569,CNC(=O)[C@H](Cc1c[nH]c2ccccc12)NC(=O)[C@H](CC(C)C)[C@H](CC(=O)OC)SC(C)=O,19.0,active
CHEMBL421766,O=C(NO)[C@H]1C[C@H](N2CCOCC2)CN1S(=O)(=O)c1ccc(Oc2ccccc2)cc1,19.0,active
CHEMBL102438,COc1ccc(CNC(=O)CN(C(CCSCc2ccccc2)C(=O)NO)S(=O)(=O)c2ccc(OC)cc2)cc1,19.0,active
CHEMBL19611,CNC(=O)[C@H](Cc1c[nH]c2ccccc12)NC(=O)[C@@H](CC(=O)NO)CC(C)C,2.0,active
CHEMBL230806,Nc1nc2ccnc(-c3cc(Br)c(Br)[nH]3)c2[nH]1,2.0,active
CHEMBL206688,C#CCCOc1ccc(S(=O)(=O)N2CCSC(C)(C)[C@@H]2C(=O)NO)cc1,2.0,active
CHEMBL335283,CNC(=O)[C@H](Cc1ccccc1)NC(=O)[C@H](CC(C)C)[C@@H](S)CC(=O)OC,2.0,active
CHEMBL100100,CN(C)c1cccc2c(S(=O)(=O)N(C)C[C@H](C(=O)NO)[C@@H](CC3CCCC3)C(=O)N3CCCCC3)cccc12,2.0,active
CHEMBL62007,CNC(=O)[C@@H]1Cc2ccc(cc2)OCCCCC[C@H](C(=O)NO)[C@@H](CC(C)C)C(=O)N1,2.1,active
CHEMBL432079,C=CC[C@H](C(=O)NO)[C@@H](CC(C)C)C(=O)N[C@@H](Cc1ccccc1)C(=O)NC,2.2,active
CHEMBL4791227,C=CC[C@H](C(=O)NO)[C@@H](CC(C)C)C(=O)N[C@@H](Cc1ccc2c(c1)CCC2)C(=O)NC,2.2,active
CHEMBL144568,CNC(=O)[C@@H](NC(=O)[C@H](CC(C)C)[C@H](NC(=O)c1cccc2cccnc12)C(=O)NO)C(C)(C)C,2.2,active
CHEMBL144525,CNC(=O)[C@@H](NC(=O)[C@H](CC(C)C)[C@@H](C(=O)NO)N1CCOCC1)C(C)(C)C,2.2,active
CHEMBL293003,CNC(=O)[C@@H]1Cc2ccc(cc2)OCCCCCC[C@H](C(=O)NO)[C@@H](CC(C)C)C(=O)N1,2.2,active
CHEMBL318860,CNC(=O)[C@@H]1Cc2ccc(cc2)OCCCC[C@H](C(=O)NO)[C@@H](CCCc2ccc(Cl)cc2)C(=O)N1,2.3,active
CHEMBL115653,CN1C(=O)N(C[C@H](C(=O)NO)[C@@H](CC2CCCC2)C(=O)N2CCCCC2)C(=O)C1(C)C,2.3,active
CHEMBL140569,CC1(C)SCCCN(S(=O)(=O)c2ccc(Oc3ccccc3)cc2)[C@H]1C(=O)NO,2.3,active
CHEMBL342732,CNC(=O)[C@@H](NC(=O)[C@H](CC(C)C)[C@@H](C(=O)NO)N(C)S(=O)(=O)c1cccc2cccnc12)C(C)(C)C,2.4,active
CHEMBL5284688,COc1ccc(S(=O)(=O)N2CCCC(C)(C)CC2C(=O)NO)cc1,2.4,active
CHEMBL140152,COc1ccc(S(=O)(=O)N2CCCCC(C)(C)[C@@H]2C(=O)NO)cc1,2.4,active
CHEMBL128372,CNC(=O)[C@H](Cc1c[nH]c2ccccc12)NC(=O)[C@H](CC(C)C)[C@@H](S)CC(=O)OC,2.5,active
CHEMBL144293,CNC(=O)[C@@H](NC(=O)[C@H](CC(C)C)[C@H](NS(=O)(=O)c1cccc2cnccc12)C(=O)NO)C(C)(C)C,2.6,active
CHEMBL324664,C=CC[C@H](C(=O)NO)[C@@H](CC(C)C)C(=O)N[C@@H](Cc1ccccc1)C(=O)c1ccc[nH]1,2.6,active
CHEMBL66134,CSCCNC(=O)[C@@H]1Cc2ccc(cc2)OCCCC[C@H](C(=O)NO)[C@@H](CC(C)C)C(=O)N1,2.7,active
CHEMBL33306,C=CC[C@](C)(C(=O)NO)[C@@H](CC(C)C)C(=O)N[C@H](C(=O)NC)C(C)(C)C,2.7,active
CHEMBL430524,C=CC[C@H](C(=O)NO)[C@@H](CC(C)C)C(=O)N[C@@H](Cc1ccccc1)C(=O)c1ncco1,2.7,active
CHEMBL147051,CNC(=O)[C@@H](NC(=O)[C@H](CC(C)C)[C@H](SCc1cccc2cccnc12)C(=O)NO)C(C)(C)C,2.8,active
CHEMBL19932,CNC(=O)[C@@H](NC(=O)[C@H](CC(C)C)[C@H](C)C(=O)NO)C1CCCCC1,2.9,active
CHEMBL344634,CC1(C)SCCCN(S(=O)(=O)c2ccc(-c3ccc(F)cc3)cc2)[C@H]1C(=O)NO,2.9,active
CHEMBL76757,CSc1ccc(-c2ccc(S(=O)(=O)CC(CN3C(=O)NC(C)(C)C3=O)N(O)C=O)cc2)cc1,2.9,active
CHEMBL3921667,CC1(C)C[C@@H](O)CN(S(=O)(=O)c2ccc(OCc3ccc(F)cc3)cc2)[C@H]1C(=O)NO,20.0,active
CHEMBL328917,CNC(=O)[C@H](Cc1ccccc1)NC(=O)[C@H](CC(C)C)N[C@@H](CCN1C(=O)c2cccc3c(Br)ccc(c23)C1=O)P(=O)(O)O,20.0,active
CHEMBL16398,CCCCCCCC(C(=O)CS)C(=O)N[C@@H](CC(C)C)C(=O)NCCc1ccccc1,20.0,active
CHEMBL16154,CCCCCCCC(C(=O)N[C@@H](CC1CCCCC1)C(=O)NCCN1CCOCC1)C(O)CS,20.0,active
CHEMBL15796,CCCCCCCC(C(=O)N[C@@H](CC(C)C)C(=O)NCCc1ccccc1)C(O)CS,20.0,active
CHEMBL318023,CS(=O)(=O)N(C[C@H](C(=O)NO)[C@@H](CC1CCCC1)C(=O)N1CCCCC1)C1CCCC1,20.0,active
CHEMBL151718,COc1ccc(S(=O)(=O)N2C/C(=N\OC(C)(C)C)C[C@@H]2C(=O)NO)cc1,20.0,active
CHEMBL58945,CCCCCC[C@H](CC(=O)NO)C(=O)N[C@@H](Cc1ccccc1)C(=O)NC,20.0,active
CHEMBL420077,O=C(C[C@@H](CC1CCCC1)C(=O)N[C@@H](Cc1ccccc1)C(=O)NCc1ccccc1)NO,20.0,active
CHEMBL114427,CNC(=O)[C@H](Cc1ccccc1)NC(=O)[C@H](CC(C)C)[C@H](CSc1ccccc1)C(=O)NO,20.0,active
CHEMBL106016,COc1ccc(S(=O)(=O)N(CC(=O)NCc2cccnc2)C(CCSCc2ccccc2)C(=O)NO)cc1,20.0,active
CHEMBL144313,O=C(NO)[C@H]1C[C@H](N2CCCC2)CN1S(=O)(=O)c1ccc(Oc2ccc(F)cc2)cc1,20.0,active
CHEMBL60546,CCCCCCCCCC[C@H](CC(=O)NO)C(=O)N[C@@H](Cc1ccccc1)C(=O)NC,20.0,active
CHEMBL95807,COc1ccc(S(=O)(=O)N2Cc3ccccc3N(C(=O)c3cccs3)CC2C(=O)NO)cc1,20.0,active
CHEMBL3979213,Cc1cc(Cl)ccc1COc1ccc(S(=O)(=O)N2CCC[C@@](C)(O)[C@@H]2C(=O)NO)cc1,20.0,active
CHEMBL328381,CC(C)C[C@@H](C(=O)N1CCOCC1)[C@H](CN1C(=O)c2ccccc2C1=O)C(=O)NO,20.0,active
CHEMBL176602,CC(C)C[C@H](C(=O)NO)N(Cc1ccccc1)[P@](C)(=O)c1ccccc1,20.5,active
CHEMBL330857,CC(C)C(C(=O)NO)N(Cc1ccccc1)S(=O)(=O)C(F)(F)C(F)(F)C(F)(F)C(F)(F)F,20.89,active
CHEMBL3770688,Cc1cc(C#N)ccc1N1CCN(S(=O)(=O)N[C@H](CCCNC(=O)OCc2ccccc2)C(=O)NO)CC1,200000.0,inactive
CHEMBL2431024,COc1ccc(-c2cc(Br)cc(COc3ccc(S(=O)(=O)NCC(=O)NO)cc3)c2)cc1,200000.0,inactive
CHEMBL2431022,CN(CC(=O)NO)S(=O)(=O)c1ccc(OCc2cc(Br)cc(Br)c2)cc1,200000.0,inactive
CHEMBL4859268,CC(C)(Cc1ccc(F)cc1)NC(=O)[C@H](CCC(=O)O)NC(=O)c1ccc(-c2ccccc2)cc1,200000.0,inactive
CHEMBL576762,C[S+]([O-])c1ccc(Oc2ccc(S(=O)(=O)c3ccccc3C(=O)NO)cc2)cc1,200000.0,inactive
CHEMBL5283335,O=C(NCCC[C@@H](NS(=O)(=O)c1ccc(OCc2cc(Br)cc(Br)c2)cc1)C(=O)NO)c1cccc(C(=O)NCCC[C@@H](NS(=O)(=O)c2ccc(OCc3cc(Br)cc(Br)c3)cc2)C(=O)NO)c1,200000.0,inactive
CHEMBL343855,CN1CC(=O)N([C@H]2C[C@H](C(=O)NO)N(S(=O)(=O)c3ccc(Oc4ccccc4)cc3)C2)C1=O,21.0,active
CHEMBL204100,CC#CCOc1ccc(S(=O)(=O)N2C[C@H](CN)SC(C)(C)[C@@H]2C(=O)NO)cc1,21.0,active
CHEMBL320798,CNC(=O)[C@H](Cc1ccccc1)NC(=O)[C@H](CC(C)C)[C@H](CSc1ccccc1C(=O)OC)C(=O)NO,21.0,active
CHEMBL135886,CC(C)C[C@@H](C(=O)N[C@@H](CCC/N=C(/N)NS(C)(=O)=O)C(=O)Nc1nccs1)[C@H](C(C)C)N(O)C=O,21.0,active
CHEMBL20154,CNC(=O)[C@@H](NC(=O)[C@H](CCCc1ccccc1)CC(=O)NO)C(C)(C)C,21.0,active
CHEMBL381554,CC#CCOc1ccc(S(=O)(=O)N2C[C@H](CCO)SC(C)(C)[C@@H]2C(=O)NO)cc1,21.0,active
CHEMBL27408,COc1ccc(C(C(=O)NC(C)(C)C)N2C(=O)[C@H](CS)NC(=O)[C@@H]2Cc2ccc([N+](=O)[O-])cc2)cc1,21.0,active
CHEMBL333586,CCOCCCOC(=O)N1CCN(S(=O)(=O)c2ccc(OC)cc2)C(C(=O)NO)C1,22.0,active
CHEMBL346624,CCOc1ccc(S(=O)(=O)N2C/C(=N\OC)C[C@@H]2C(=O)NO)cc1,22.0,active
CHEMBL198055,O=C(CCC(=O)c1ccc(Oc2ccccc2)cc1)NO,22.0,active
CHEMBL196460,O=C(CCS(=O)(=O)c1ccc(Oc2ccccc2)cc1)NO,22.0,active
CHEMBL339294,CNC(=O)[C@H](Cc1c[nH]c2ccccc12)NC(=O)[C@H](CC(C)C)[C@H](CC(=O)OC)SS[C@@H](CC(=O)OC)[C@@H](CC(C)C)C(=O)N[C@@H](Cc1c[nH]c2ccccc12)C(=O)NC,22.0,active
CHEMBL198543,O=C(CNC(=O)c1ccc(Oc2ccccc2)cc1)NO,22.0,active
CHEMBL198778,O=C(CNS(=O)(=O)c1ccc(Oc2ccccc2)cc1)NO,22.0,active
CHEMBL140720,CCCc1ccc(S(=O)(=O)N2CCCSC(C)(C)[C@@H]2C(=O)NO)cc1,22.0,active
CHEMBL159141,CNC(=O)[C@H](Cc1ccccc1)NC(=O)[C@H](CC(C)C)N[C@H](CCN1C(=O)c2cc3ccccc3nc2C1=O)C(=O)O,22.0,active
CHEMBL90978,O=C(NO)C1CN(C(=O)c2ccccc2)CCCN1S(=O)(=O)c1ccc(Oc2ccccc2)cc1,22.0,active
CHEMBL7756,COc1ccc(S(=O)(=O)N2CCN(C(C)C)C(=O)C[C@@H]2C(=O)NO)cc1,22.0,active
CHEMBL40589,CC(C)C[C@H](CC(=O)NO)C(=O)N[C@@H](Cc1c[nH]c2ccccc12)c1nc2ccccc2[nH]1,22.0,active
CHEMBL7390,COc1ccc(S(=O)(=O)N2CN(Cc3ccccc3)C(=O)C[C@@H]2C(=O)NO)cc1,22.2,active
CHEMBL437017,COc1ccc(S(=O)(=O)N2CN(Cc3ccccc3)C(=O)CC2C(=O)NO)cc1,22.2,active
CHEMBL140575,COc1ccc(S(=O)(=O)N2CCCCC2C(=O)NO)cc1,23.0,active
CHEMBL298747,CNC(=O)[C@H](Cc1ccc(OC)cc1)NC(=O)[C@H](CC(C)C)C[C@@H](CCN1C(=O)c2cc3ccccc3cc2C1=O)C(=O)O,23.0,active
CHEMBL49107,CNC(=O)[C@H](Cc1ccc(OC)cc1)NC(=O)[C@H](CC(C)C)N[C@H](CCN1C(=O)c2cc3ccccc3cc2C1=O)C(=O)O,23.0,active
CHEMBL128375,CNC(=O)[C@H](Cc1ccc(OC)cc1)NC(=O)[C@H](CC(C)C)[C@@H](S)CC(N)=O,23.0,active
CHEMBL304281,CC(C(=O)NO)N(Cc1ccccc1[N+](=O)[O-])S(=O)(=O)C(F)(F)C(F)(F)C(F)(F)C(F)(F)F,23.99,active
CHEMBL95708,CCOc1ccc(C(=O)N2CC(C(=O)NO)N(S(=O)(=O)c3ccc(OC)cc3)Cc3ccccc32)cc1,24.0,active
CHEMBL346442,CC(C)(C)O/N=C1/C[C@H](C(=O)NO)N(S(=O)(=O)c2ccc(Oc3ccc(F)cc3)cc2)C1,24.0,active
CHEMBL434187,CC#CCOc1ccc(S(=O)(=O)N2CCSC3(CCCC3)C2C(=O)NO)cc1,24.0,active
CHEMBL115727,COc1ccc(S(=O)(=O)N2CC(C)(C)CN(S(=O)(=O)c3ccc(OC)cc3)C2C(=O)NO)cc1,24.0,active
CHEMBL334403,CCC[C@@H]([C@@H](CC(C)C)C(=O)N[C@H](C(=O)Nc1nccs1)[C@H](C)CC/N=C(/N)N[N+](=O)[O-])N(O)C=O,24.0,active
CHEMBL332134,COc1ccc(S(=O)(=O)N2CCN(C(=O)OCc3ccccc3)CC2C(=O)NO)cc1,24.0,active
CHEMBL80272,COc1ccc(S(=O)(=O)N(Cc2ccccc2)c2c(OCC(=O)NO)cccc2C(=O)NO)cc1,24.0,active
CHEMBL287632,CC(C)CC(C(=O)NC(C)(C)C)N1C(=O)[C@H](CS)NC(=O)[C@@H]1Cc1ccc([N+](=O)[O-])cc1,24.0,active
CHEMBL41100,N#Cc1ccc(-c2ccc(OCC(CN3C(=O)CNC3=O)N(O)C=O)cc2)cc1,2400000.0,inactive
CHEMBL288592,CCN1C(=O)N(CC(COc2ccc(-c3ccc(C#N)cc3)cc2)N(O)C=O)C(=O)C1(C)C,2400000.0,inactive
CHEMBL127161,CNC(=O)[C@H](Cc1ccc(OC)cc1)NC(=O)[C@H](CC(C)C)[C@@H](S)CC(=O)O,25.0,active
CHEMBL123627,COc1ccc(S(=O)(=O)N2CCN(C(=O)c3ccco3)CC2C(=O)NO)cc1,25.0,active
CHEMBL115211,CNC(=O)[C@H](Cc1ccccc1)NC(=O)[C@H](CC(C)C)[C@H](CSCc1ccccc1)C(=O)NO,25.0,active
CHEMBL76222,CNC(=O)[C@@H](NC(=O)[C@H](CC(C)C)NC(=O)[C@@H](S)CCN1C(=O)N(C)C(C)(C)C1=O)C(C)(C)C,25.0,active
CHEMBL282581,CC(C)(C)NC(=O)C(c1ccccc1)N1C(=O)[C@H](CS)NC(=O)[C@@H]1Cc1ccc([N+](=O)[O-])cc1,25.0,active
CHEMBL310688,COc1ccc(S(=O)(=O)C(CC=C(C)C)(CC=C(C)C)C(=O)NO)cc1,25.0,active
CHEMBL126122,CC(C)C[C@H](CC(=O)NO)C(=O)N[C@@H](Cc1ccccc1)C(=O)N[C@@H](C)C=O,25.0,active
CHEMBL5175662,CNC(=O)[C@@H](NC(=O)[C@H](CC(C)C)NC(=O)[C@H](S)CCN1C(=O)N(C)C(C)(C)C1=O)C(C)(C)C,25.0,active
CHEMBL332120,COc1ccc(S(=O)(=O)N(Cc2ccc([N+](=O)[O-])cc2)C(C)C(=O)NO)cc1,25.12,active
CHEMBL122719,O=C(CN(Cc1ccccc1[N+](=O)[O-])S(=O)(=O)C(F)(F)C(F)(F)C(F)(F)C(F)(F)F)NO,25.12,active
CHEMBL123041,CC(C(=O)NO)N(Cc1ccccc1)S(=O)(=O)C(F)(F)C(F)(F)C(F)(F)C(F)(F)F,25.7,active
CHEMBL4210206,COc1ccc(-c2ccc(Sc3ccccc3CC(=O)NO)cc2)cc1,250000.0,inactive
CHEMBL5277375,O=C(O)CCC(NC(=O)Cc1ccc(Br)cc1)C(=O)NCc1ccc([N+](=O)[O-])cc1,250000.0,inactive
CHEMBL90057,COc1ccc(S(=O)(=O)CC(N)C(=O)NO)cc1,250000.0,inactive
CHEMBL41923,CC(COc1ccc(-c2ccc(C#N)cc2)cc1)C(=O)NO,2500000.0,inactive
CHEMBL327202,CN(C(=O)Cc1ccncc1)[C@H](CS(=O)(=O)c1ccc(Oc2ccccc2)cc1)C(=O)NO,258000.0,inactive
CHEMBL59023,CNC(=O)[C@H](Cc1ccccc1)NC(=O)[C@H](CCCCCOc1ccccc1)CC(=O)NO,26.0,active
CHEMBL301221,NC(=O)[C@H](Cc1ccccc1)NC(=O)[C@H](CS)NC(=O)c1cn[nH]c1,26.0,active
CHEMBL337512,CC(C)C[C@@H](C(=O)N[C@@H](CCC/N=C(/N)N[N+](=O)[O-])C(=O)Nc1nccs1)[C@H](Cc1ccccc1)N(O)C=O,26.0,active
CHEMBL437499,CC(C)(C)OC(=O)NCC#CCOc1ccc(S(=O)(=O)N2CCSC(C)(C)[C@@H]2C(=O)NO)cc1,26.0,active
CHEMBL315898,CC(C)CC(CC(=O)NO)C(=O)NC1CCCCCCCCCCNC1=O,26.0,active
CHEMBL95305,COc1cc(Oc2ccc(S(=O)(=O)N3CCSC(C)(C)[C@@H]3C(=O)NO)cc2)cc(OC)c1OC,26.0,active
CHEMBL149977,CCCCOc1ccc(S(=O)(=O)N2C/C(=N\OC)C[C@@H]2C(=O)NO)cc1,26.0,active
CHEMBL56821,NC(=O)[C@H](Cc1cccnc1)NC(=O)[C@H](CS)NC(=O)c1cn[nH]c1,26.0,active
CHEMBL357728,CC(C)(C)O/N=C1/C[C@H](C(=O)NO)N(S(=O)(=O)c2ccc(Oc3ccncc3)cc2)C1,26.0,active
CHEMBL4203044,COc1ccc(-c2ccc(Sc3ccccc3C3CCC(=O)N(O)C3=O)cc2)cc1,260000.0,inactive
CHEMBL130164,CNC(=O)[C@H](Cc1ccc(OC)cc1)NC(=O)[C@H](CC(C)C)[C@@H](S)CC(=O)NCC(=O)O,27.0,active
CHEMBL5412341,CC(C)C[C@H](NC(=O)[C@@H]1C[C@H](N)CN1C(=O)CC[C@@H](NS(=O)(=O)c1ccc(NC(=O)c2ccc(C(N)=O)cc2)cc1)C(=O)O)C(=O)N(C)[C@@H](CCC(=O)O)C(=O)NCCCCC(N)=O,270000.0,inactive
CHEMBL501715,CNC(=O)[C@H](Cc1ccccc1)NC(=O)[C@H](CC(C)C)NC(=O)NO,270000.0,inactive
CHEMBL99103,CNC(=O)[C@@H]1Cc2ccc(cc2)OCCCC[C@H](C(=O)NO)[C@@H](CCCc2cccc3ccccc23)C(=O)N1,28.0,active
CHEMBL293774,COc1ccc(S(=O)(=O)N(CC(=O)NO)Cc2ccc([N+](=O)[O-])cc2)cc1,28.18,active
CHEMBL427616,COc1ccc(S(=O)(=O)N2CC[C@H](C(=O)NO)N(S(=O)(=O)c3ccc(OC)cc3)CC2)cc1,28.9,active
CHEMBL338231,CCOC(OCC)[C@H](C)NC(=O)[C@H](Cc1ccccc1)NC(=O)[C@@H](CC(=O)NO)CC(C)C,29.0,active
CHEMBL206298,CCCCC#CCOc1ccc(S(=O)(=O)N2CCSC(C)(C)[C@@H]2C(=O)NO)cc1,29.0,active
CHEMBL351968,CNC(=O)[C@H](Cc1ccc(O)cc1)NC(=O)[C@H](CC(C)C)N[C@H](CCN1C(=O)c2cc3ccccc3cc2C1=O)C(=O)O,29.0,active
CHEMBL296874,CC(C)C[C@H](CC(=O)NO)C(=O)N[C@@H](CC(C)C)c1nc2ccccc2[nH]1,29.0,active
CHEMBL16520,CNC(=O)[C@@H](NC(=O)[C@@H](CC(=O)NO)CC(C)C)C(C)(C)C,3.0,active
CHEMBL198227,O=C1CC=C2C=CC=C(C(=O)CCC(=O)NO)N2C1,3.0,active
CHEMBL40351,COC(=O)c1ccc2[nH]c([C@H](CC(C)C)NC(=O)[C@@H](CC(=O)NO)CC(C)C)nc2c1,3.0,active
CHEMBL441662,COc1ccc(S(=O)(=O)N2CCCCCSC(C)(C)[C@@H]2C(=O)NO)cc1,3.0,active
CHEMBL5205063,CNC(=O)[C@@H](CC(=O)[C@H](CC(C)C)[C@H](CSc1cccs1)C(=O)NO)Cc1ccccc1,3.0,active
CHEMBL150242,CO/N=C1/C[C@H](C(=O)NO)N(S(=O)(=O)c2ccc(Oc3ccccc3)cc2)C1,3.0,active
CHEMBL421966,CO/N=C1/C[C@H](C(=O)NO)N(S(=O)(=O)c2ccc(Oc3ccc(F)cc3)cc2)C1,3.0,active
CHEMBL45631,CNC(=O)[C@@H]1Cc2ccc(cc2)OCCC[C@H](C(=O)NO)[C@@H](CC(C)C)C(=O)N1,3.0,active
CHEMBL66532,CC(C)C[C@H]1C(=O)N[C@H](C(=O)NCCc2ccc(S(N)(=O)=O)cc2)Cc2ccc(cc2)OCCCC[C@@H]1C(=O)NO,3.0,active
CHEMBL445140,Cc1ccc(-c2ccc(S(=O)(=O)[C@@H]3CCOC[C@]3(O)C(=O)NO)cc2)cc1,3.0,active
CHEMBL19843,CNC(=O)[C@@H](NC(=O)[C@H](CC(C)C)[C@H](C)C(=O)NO)c1ccccc1,3.0,active
CHEMBL293503,O=C(CN(Cc1ccc([N+](=O)[O-])cc1)S(=O)(=O)c1c(F)c(F)c(F)c(F)c1F)NO,3.02,active
CHEMBL339704,CNC(=O)[C@H](Cc1ccc(OC)cc1)NC(=O)[C@H](CC(C)C)[C@@H](S)CC(=O)OC,3.1,active
CHEMBL35348,C=CC[C@](C)(C(=O)NO)[C@@H](CC(C)C)C(=O)N[C@@H](Cc1ccccc1)C(=O)NC,3.1,active
CHEMBL433816,CNC(=O)[C@@H](NC(=O)[C@H](CC(C)C)[C@H](CN1CCOCC1)C(=O)NO)c1ccccc1,3.5,active
CHEMBL308264,CC1(C)NC(=O)N(CC(CS(=O)(=O)c2ccc(-c3ccc(C#N)cc3)cc2)N(O)C=O)C1=O,3.6,active
CHEMBL123775,CC(C(=O)NO)N(Cc1ccc([N+](=O)[O-])cc1)S(=O)(=O)c1c(F)c(F)c(F)c(F)c1F,3.981,active
CHEMBL29897,COc1ccc(CN2C(=O)[C@H](CS)NC(=O)[C@@H]2CC2CCCCC2)cc1,30.0,active
CHEMBL318455,CC(C)N(C[C@H](C(=O)NO)[C@@H](CC1CCCC1)C(=O)N1CCCCC1)S(C)(=O)=O,30.0,active
CHEMBL508335,CNC(=O)[C@H](Cc1c[nH]c2ccccc12)NC(=O)[C@@H](CC(=O)NNS(=O)(=O)c1ccc(-c2ccc(Br)cc2)cc1)CC(C)C,30.0,active
CHEMBL275053,Cc1cccc(-c2ccc(S(=O)(=O)[C@@H]3CCOC[C@]3(O)C(=O)NO)cc2)c1,30.0,active
CHEMBL96654,CC(C)C[C@H](CC(=O)NO)C(=O)N[C@@H](Cc1ccccc1)C(=O)NCc1ccccc1,30.0,active
CHEMBL200274,CC(C)CC(C(=O)N[C@H]1CCCCCCCCCCNC1=O)[C@H](O)C(=O)NO,30.0,active
CHEMBL124100,CCCCCCNC(=O)N1CCN(S(=O)(=O)c2ccc(OC)cc2)C(C(=O)NO)C1,30.0,active
CHEMBL98233,CNC(=O)[C@H](Cc1ccccc1)NC(=O)[C@H](CC(C)C)N[C@@H](CCN1C(=O)c2cccc3cccc(c23)C1=O)P(=O)(O)O,30.0,active
CHEMBL329287,CCCN(C[C@H](C(=O)NO)[C@@H](CC1CCCC1)C(=O)N1CCCCC1)S(C)(=O)=O,30.0,active
CHEMBL103957,CNC(=O)[C@H](Cc1ccccc1)NC(=O)[C@H](Cc1ccccc1S)CC(C)C,30.0,active
CHEMBL441084,O=C(CN(Cc1ccccc1)S(=O)(=O)C(F)(F)C(F)(F)C(F)(F)C(F)(F)F)NO,30.2,active
CHEMBL251253,CC(N)P(=O)(O)CC(CCCc1ccccc1)C(=O)NC(Cc1c[nH]c2ccccc12)C(N)=O,30.9,active
CHEMBL329686,COc1ccc(S(=O)(=O)CC(NC(C)=O)C(=O)NO)cc1,300000.0,inactive
CHEMBL510082,CNC(=O)[C@H](Cc1ccccc1)NC(=O)[C@H](N)CC(C)C,300000.0,inactive
CHEMBL452584,COC(=O)[C@H](Cc1ccccc1)NC(=O)[C@H](CC(C)C)NC(=O)OCc1ccccc1,300000.0,inactive
CHEMBL452082,CNC(=O)[C@H](Cc1ccccc1)NC(=O)[C@@H](CC(C)C)NC(=O)NO,300000.0,inactive
CHEMBL323371,O=C(NO)C(CCn1nnc2ccccc2c1=O)COc1ccc(-c2ccccc2)cc1,31.0,active
CHEMBL324205,CNC(=O)[C@H](Cc1ccccc1)NC(=O)[C@H](CC(C)C)[C@H](CSc1ccc([N+](=O)[O-])cc1)C(=O)NO,31.0,active
CHEMBL126044,COc1ccc(S(=O)(=O)N2CCN(S(=O)(=O)c3sc(N)nc3C)CC2C(=O)NO)cc1,31.0,active
CHEMBL150027,O=C(NO)[C@H]1C/C(=N/Oc2ccccc2)CN1S(=O)(=O)c1ccc(Oc2ccncc2)cc1,32.0,active
CHEMBL132443,CNC(=O)[C@H](Cc1ccc(OC)cc1)NC(=O)[C@H](CC(C)C)[C@@H](S)CC(=O)NCC(N)=O,32.0,active
CHEMBL85030,COc1ccc(S(=O)(=O)N(Cc2ccccc2)[C@@H](C(=O)NO)C(C)C)cc1,33.0,active
CHEMBL96419,CC#CCOc1ccc(S(=O)(=O)N(C)CCC(=O)NO)cc1,33.0,active
CHEMBL205998,CC#CCOc1ccc(S(=O)(=O)N2C[C@H](CCN(CC)CC)SC(C)(C)[C@@H]2C(=O)NO)cc1,33.0,active
CHEMBL147629,CCCN([C@H]1C[C@H](C(=O)NO)N(S(=O)(=O)c2ccc(OC)cc2)C1)S(C)(=O)=O,33.0,active
CHEMBL206815,CC1(C)SCCN(S(=O)(=O)c2ccc(OCC#CCO)cc2)[C@H]1C(=O)NO,33.0,active
CHEMBL1766899,COc1cnn(-c2ccc(S(=O)(=O)N[C@@]3(C(=O)O)[C@H](C)[C@@H]3c3ccccc3)s2)c1,33.0,active
CHEMBL336425,CCC[C@@H]([C@@H](CC(C)C)C(=O)N[C@@H](CCC/N=C(/N)N[N+](=O)[O-])C(=O)Nc1nccs1)N(O)C=O,34.0,active
CHEMBL132452,CNC(=O)[C@H](Cc1ccc(OC)cc1)NC(=O)[C@@H](CC(C)C)[C@H](S)CC(=O)OCc1ccccc1,34.0,active
CHEMBL326148,CC(C)C[C@@H](C(=O)N[C@@H](Cc1ccccc1)C(N)=O)[C@H](CSC/C(=N/O)c1ccc(Cl)cc1)C(=O)NO,34.0,active
CHEMBL295798,CNC(=O)[C@H](Cc1ccccc1)NC(=O)[C@H](CC(C)C)N[C@H](CCN1C(=O)c2cc3ccccc3cc2C1=O)C(=O)O,34.0,active
CHEMBL97898,COCC(=O)N1CC(C(=O)NO)N(S(=O)(=O)c2ccc(OC)cc2)Cc2ccccc21,34.0,active
CHEMBL59423,NC(=O)[C@H](Cc1cccs1)NC(=O)[C@H](CS)NC(=O)c1ccc2[nH]nnc2c1,34.0,active
CHEMBL3770935,Cc1cc(C#N)ccc1N1CCN(S(=O)(=O)N2CSC[C@@H]2C(=O)NO)CC1,346000.0,inactive
CHEMBL5276957,O=C(NCCC[C@@H](NS(=O)(=O)c1ccc(OCc2cc(Br)cc(Br)c2)cc1)C(=O)NO)NCCC[C@@H](NS(=O)(=O)c1ccc(OCc2cc(Br)cc(Br)c2)cc1)C(=O)NO,348000.0,inactive
CHEMBL206739,CC#CCOc1ccc(S(=O)(=O)N2C[C@H](CC(N)=O)SC(C)(C)[C@@H]2C(=O)NO)cc1,35.0,active
CHEMBL202806,CC1(C)SCCN(S(=O)(=O)c2ccc(OCC#CCCO)cc2)[C@H]1C(=O)NO,35.0,active
CHEMBL69323,O=C1N[C@@H](CS)C(=O)N(Cc2ccc3ccccc3n2)[C@H]1CC1CCCCC1,35.0,active
CHEMBL35602,C=CC[C@@H](C(=O)NO)[C@@H](CC(C)C)C(=O)N[C@@H](Cc1ccccc1)C(=O)NC,35.0,active
CHEMBL97788,O=C(NO)C1CN(C(=O)c2cccs2)c2ccccc2CN1S(=O)(=O)c1ccc(Oc2ccc(Cl)cc2)cc1,35.0,active
CHEMBL99745,COc1ccc(S(=O)(=O)N(Cc2ccc(OCCN3CCCCC3)cc2)c2c(C)cc(Br)cc2C(=O)NO)cc1,35.0,active
CHEMBL316293,COc1cccc(OC)c1C(=O)N[C@H](CS(=O)(=O)c1ccc(Oc2ccccc2)cc1)C(=O)NO,350000.0,inactive
CHEMBL436623,CNC(=O)[C@H](Cc1ccccc1)NC(=O)[C@H](CC(C)C)N[C@H](CCN1C(=O)c2cc3cccc(OC)c3cc2C1=O)C(=O)O,36.0,active
CHEMBL161838,CNC(=O)[C@H](Cc1ccccc1)NC(=O)[C@H](CC(C)C)N[C@H](CCN1C(=O)c2cc3ccc(OC)cc3cc2C1=O)C(=O)O,36.0,active
CHEMBL284422,CCCCCCCC(C(=O)NC(C)(C)C)N1C(=O)[C@H](CS)NC(=O)[C@@H]1Cc1ccc([N+](=O)[O-])cc1,36.0,active
CHEMBL407443,COc1ccc(S(=O)(=O)N(CC(=O)NCc2cc(OC)cc(OC)c2)C(CCSCc2ccccc2)C(=O)NO)cc1,36.0,active
CHEMBL1927187,COc1ccc(-c2cs/c(=N\c3ccccc3)n2/N=C/c2ccccc2)cc1OC,360000.0,inactive
CHEMBL288701,CC1(C)CC(=O)N(CC(COc2ccc(-c3ccc(C#N)cc3)cc2)N(O)C=O)C(=O)C1,360000.0,inactive
CHEMBL162072,CC(C)C[C@H](N[C@H](CCN1C(=O)c2cc3ccccc3cc2C1=O)C(=O)O)C(=O)N(C)Cc1ccccc1,37.0,active
CHEMBL286295,CNC(=O)[C@H](Cc1ccccc1)NC(=O)[C@H](CC(C)C)C1(C(=O)NO)CCCC1,37.0,active
CHEMBL251687,CC(C)(C)NC(=O)C(Cc1ccccc1)N1C(=O)[C@H](CS)NC(=O)[C@@H]1Cc1ccc([N+](=O)[O-])cc1,37.0,active
CHEMBL25788,CC(C)(C)NC(=O)C(C1CC1)N1C(=O)[C@H](CS)NC(=O)[C@@H]1Cc1ccc([N+](=O)[O-])cc1,37.0,active
CHEMBL122831,CC(C(=O)NO)N(Cc1ccccc1Cl)S(=O)(=O)C(F)(F)C(F)(F)C(F)(F)C(F)(F)F,37.15,active
CHEMBL2431027,O=C(NCCC[C@@H](NS(=O)(=O)c1ccc(OCc2cc(Br)cc(Br)c2)cc1)C(=O)NO)OCc1ccccc1,370000.0,inactive
CHEMBL350140,CNC(=O)[C@H](Cc1ccccc1)NC(=O)[C@H](CC(C)C)N[C@H](CCn1c(=O)c2cc3c(=O)[nH]c(=O)c3cc2c1=O)C(=O)O,38.0,active
CHEMBL135590,CC(C)C[C@@H](C(=O)N[C@H](C(=O)Nc1nccs1)[C@H](C)CC/N=C(/N)N[N+](=O)[O-])[C@H](C)N(O)C=O,38.0,active
CHEMBL50555,CNC(=O)[C@H](Cc1ccc(OC)cc1)NC(=O)C1(CC(CCN2C(=O)c3cc4ccccc4cc3C2=O)C(=O)O)CCCCC1,38.0,active
CHEMBL450327,COc1ccc(S(=O)(=O)N(Cc2ccccc2[N+](=O)[O-])C(C)C(=O)NO)cc1,38.9,active
CHEMBL178590,O=C(O)CS(=O)(=O)c1ccc(-c2ccccc2)cc1,380000.0,inactive
CHEMBL105311,COc1ccc(S(=O)(=O)N(CC(=O)NC(c2ccccn2)c2ccccn2)C(CCSCc2ccccc2)C(=O)NO)cc1,39.0,active
CHEMBL288670,COc1ccc(S(=O)(=O)N(Cc2cccnc2)c2c(C(=O)NO)cnc3c2c(C)nn3C)cc1,39.0,active
CHEMBL440355,CCCCOc1ccc(S(=O)(=O)N2C/C(=N\OCC)C[C@@H]2C(=O)NO)cc1,39.0,active
CHEMBL1092104,O=C(NO)[C@@H](CCN1C(=O)c2ccccc2C1=O)NS(=O)(=O)c1ccc(Br)cc1,4.0,active
CHEMBL29976,CNC(=O)[C@@H](NC(=O)[C@H](CC(C)C)[C@@H](C(=O)NO)C1CCCC1)C(C)(C)C,4.0,active
CHEMBL2048512,CNC(=O)C(CCc1ccccc1)NC(=O)C(CC(=O)NO)CC(C)C,4.1,active
CHEMBL65159,CC(C)C[C@H]1C(=O)N[C@H](C(=O)Nc2ccccn2)Cc2ccc(cc2)OCCCC[C@@H]1C(=O)NO,4.6,active
CHEMBL110696,C=CC[C@H](C(=O)NO)[C@@H](CC(C)C)C(=O)N[C@@H](Cc1ccccc1)C(=O)c1cn(C)c2ccccc12,4.7,active
CHEMBL324874,CC(C)C[C@H]1C(=O)N[C@H](C(=O)c2c[nH]c3ccccc23)Cc2ccc(cc2)OCCCCC[C@@H]1C(=O)NO,4.8,active
CHEMBL42311,CC(C)C[C@H](CC(=O)NO)C(=O)N[C@@H](CC(C)C)c1nc2cc(Cl)c(Cl)cc2[nH]1,40.0,active
CHEMBL109706,C=CC[C@H](C(=O)NO)[C@@H](CC(C)C)C(=O)N[C@@H](Cc1ccccc1)C(=O)CC,40.0,active
CHEMBL92608,CCOC(=O)[C@H](C)NC(=O)[C@H](CC(C)C)NC(=O)[C@@H](CC(=O)NO)CC(C)C,40.0,active
CHEMBL78369,O=C(NO)C1(S(=O)(=O)c2ccc(OCc3ccccc3)cc2)CCN(Cc2ccccc2)CC1,40.0,active
CHEMBL291714,NC(=O)[C@H](Cc1ccccc1)NC(=O)[C@H](CS)NC(=O)C(F)(F)F,40.0,active
CHEMBL298846,NC(=O)[C@H](Cc1ccccc1)NC(=O)[C@H](CS)NC(=O)Nc1ccccc1,40.0,active
CHEMBL3359656,CC#CCOc1ccc(Oc2ccc(S(=O)(=O)NC(C(=O)NO)C(C)C)cc2)cc1,40.0,active
CHEMBL48226,CNC(=O)[C@H](Cc1ccc(OC)cc1)NC(=O)C(CC(=O)NO)c1ccccc1,40.0,active
CHEMBL311436,O=C(NO)C1(S(=O)(=O)c2ccc(-c3ccco3)cc2)CCN(Cc2ccccc2)CC1,40.0,active
CHEMBL1927183,O=C(O)c1cccc(-n2cc(-c3cc4ccccc4oc3=O)[nH]c2=S)c1,400000.0,inactive
CHEMBL2431026,O=C(NCC[C@@H](NS(=O)(=O)c1ccc(OCc2cc(Br)cc(Br)c2)cc1)C(=O)NO)OCc1ccccc1,400000.0,inactive
CHEMBL497772,COc1c(Br)ccc2oc(COc3ccc(-c4ccc(S(=O)(=O)N[C@@H](C(=O)O)C(C)C)cc4)cc3)c(C)c12,400000.0,inactive
CHEMBL1433,C[C@H]1c2cccc(O)c2C(=O)C2=C(O)[C@]3(O)C(=O)C(C(N)=O)=C(O)[C@@H](N(C)C)[C@@H]3[C@@H](O)[C@@H]21,400000.0,inactive
CHEMBL90764,Cc1ccc(S(=O)(=O)NC(CS(=O)(=O)c2ccc(Oc3ccccc3)cc2)C(=O)NO)cc1,400000.0,inactive
CHEMBL348826,CC(C)C[C@H](N[C@H](CCN1C(=O)c2cc3ccccc3cc2C1=O)C(=O)O)C(=O)NCc1cccc(F)c1,41.0,active
CHEMBL29801,CCc1ccc(C(C(=O)NC(C)(C)C)N2C(=O)[C@H](CS)NC(=O)[C@@H]2Cc2ccc([N+](=O)[O-])cc2)cc1,41.0,active
CHEMBL147489,O=C(NO)C1c2ccc(O)cc2CCN1S(=O)(=O)c1ccc([N+](=O)[O-])cc1,41.0,active
CHEMBL4788683,O=C(Nc1ccc([N+](=O)[O-])cc1)C(c1ccc([N+](=O)[O-])cc1)N(C(=O)c1ccc(C(F)(F)F)cc1)c1ccccc1,41.0,active
CHEMBL39358,N#Cc1ccc(-c2ccc(OCC(CSc3ccccc3)N(O)C=O)cc2)cc1,4100000.0,inactive
CHEMBL5267938,O=C(CCCNC(=O)c1cccc(C(=O)NCCCC(=O)NCCC[C@@H](NS(=O)(=O)c2ccc(OCc3cc(Br)cc(Br)c3)cc2)C(=O)NO)c1)NCCC[C@@H](NS(=O)(=O)c1ccc(OCc2cc(Br)cc(Br)c2)cc1)C(=O)NO,415000.0,inactive
CHEMBL344828,COCCOc1ccc(S(=O)(=O)N2CCCSC(C)(C)[C@@H]2C(=O)NO)cc1,42.0,active
CHEMBL424251,CC(C)C[C@@H](C(=O)N[C@@H](Cc1ccccc1)C(N)=O)[C@H](CSc1cccs1)C(=O)NO,42.0,active
CHEMBL344545,COc1ccc(S(=O)(=O)N2C[C@@H](N3CCCS3(=O)=O)C[C@@H]2C(=O)NO)cc1,42.0,active
CHEMBL206155,CC(C)(C)OC(=O)NCCCC#CCOc1ccc(S(=O)(=O)N2CCSC(C)(C)[C@@H]2C(=O)NO)cc1,42.0,active
CHEMBL311336,COc1ccc(S(=O)(=O)N(Cc2ccccc2)C(C(=O)NO)C(C)C)cc1,42.66,active
CHEMBL415872,Cc1ccc(=O)n(CC(COc2ccc(-c3ccc(C#N)cc3)cc2)N(O)C=O)n1,4200000.0,inactive
CHEMBL125598,COc1ccc(S(=O)(=O)N2CCN(C(=O)c3ccc(-c4ccccc4)cc3)CC2C(=O)NO)cc1,43.0,active
CHEMBL331342,COc1ccc(S(=O)(=O)N(Cc2ccccc2)C(CC(C)C)C(=O)NO)cc1,43.65,active
CHEMBL131291,CNC(=O)[C@H](Cc1ccc(OC)cc1)NC(=O)[C@H](CC(C)C)[C@H](CC(=O)OC)SC(C)=O,44.0,active
CHEMBL161572,CC(C)C[C@H](NC(=O)[C@H](CC(C)C)N[C@H](CCN1C(=O)c2cc3ccccc3cc2C1=O)C(=O)O)C(=O)NCCN1CCOCC1,44.0,active
CHEMBL545716,CC(C)CC(C(=O)NC1CCCCNCCCCCNC1=O)[C@@H](S)CC(=O)OC(C)C.Cl,44.0,active
CHEMBL75154,CC1(C)NC(=O)N(CC(CS(=O)(=O)c2ccc(-c3ccc(C(F)(F)F)cc3)cc2)N(O)C=O)C1=O,44.0,active
CHEMBL254401,CNC(=O)[C@@H](NC(=O)C(CCC(F)(F)F)CP(=O)(O)Cc1ccc(Cc2ccccc2)cc1)C(C)(C)C,44.67,active
CHEMBL93993,CN[C@H](CS(=O)(=O)c1ccc(Oc2ccccc2)cc1)C(=O)NO,440000.0,inactive
CHEMBL24573,CNC(=O)[C@H](NC(=O)C(CCC(F)(F)F)CP(=O)(O)Cc1ccc(Cc2ccccc2)cc1)C(C)(C)C,45.0,active
CHEMBL327621,COc1ccc(S(=O)(=O)N2CCCN(C(=O)c3ccccc3)CC2C(=O)NO)cc1,45.0,active
CHEMBL4584813,COc1ccc(-c2ccc(S(=O)(=O)N(CCNC(=O)CCCNC(=O)c3cccc(C(=O)NCCCC(=O)NCCN([C@H](CCN4C(=O)c5ccccc5C4=O)C(=O)NO)S(=O)(=O)c4ccc(-c5ccc(OC)cc5)cc4)c3)[C@H](CCN3C(=O)c4ccccc4C3=O)C(=O)NO)cc2)cc1,45.0,active
CHEMBL34808,COc1ccc(S(=O)(=O)N(Cc2cccnc2)c2c(C(=O)NO)cnc3c(OC)cccc23)cc1,46.0,active
CHEMBL16505,CNC(=O)[C@@H](NC(=O)[C@H](CC(C)C)C[C@@H](O)CS)C(C)(C)C,46.0,active
CHEMBL4780030,O=C(Nc1ccc([N+](=O)[O-])cc1)C(c1ccccc1)N(Cc1ccccc1)C(=O)Cc1ccccc1,47.0,active
CHEMBL125553,CC(C)C[C@H](CC(=O)NO)C(=O)N[C@@H](CC(C)C)C(=O)N[C@@H](C)C=O,47.0,active
CHEMBL30134,COc1ccc(CN2C(=O)[C@H](CS)NC(=O)[C@@H]2Cc2ccc([N+](=O)[O-])cc2)cc1,47.0,active
CHEMBL306674,O=C1N[C@@H](CS)C(=O)N(CC2CCCCC2)[C@H]1CC1CCCCC1,47.0,active
CHEMBL93725,CN(Cc1ccccc1)[C@H](CS(=O)(=O)c1ccc(Oc2ccccc2)cc1)C(=O)NO,475000.0,inactive
CHEMBL75094,CC1(C)SCCN(S(=O)(=O)c2ccc(Oc3ccncc3)cc2)[C@H]1C(=O)NO,48.0,active
CHEMBL309599,CC(Cc1ccccc1)(C(=O)NO)S(=O)(=O)c1cccs1,49.0,active
CHEMBL140788,COc1ccc(S(=O)(=O)N2CCCCCC2C(=O)NO)cc1,49.0,active
CHEMBL161536,CNC(=O)[C@H](CC(C)C)NC(=O)[C@H](CC(C)C)N[C@H](CCN1C(=O)c2cc3ccccc3cc2C1=O)C(=O)O,49.0,active
CHEMBL125601,COCCN(CCOC)C(=O)N1CCN(S(=O)(=O)c2ccc(Br)cc2)C(C(=O)NO)C1,49.0,active
CHEMBL421029,COc1ccc(S(=O)(=O)N(CC(=O)NCc2c(OC)cc(OC)cc2OC)C(CCSCc2ccccc2)C(=O)NO)cc1,49.0,active
CHEMBL417574,COC(=O)CN1CCCC[C@H](NC(=O)[C@H](CC(C)C)[C@@H](C)C(=O)NO)C1=O,49.0,active
CHEMBL357233,COc1ccc(S(=O)(=O)N2CCOCC2C(=O)NO)cc1,49.5,active
CHEMBL1630098,Cc1cc(COc2ccc([C@]3(N)CCN([C@@H](C(=O)NO)C(C)C)C3=O)cc2)c2ccccc2n1,4926000.0,inactive
CHEMBL115189,CNC(=O)C(NC(=O)[C@H](CC(C)C)[C@H](O)C(=O)NO)C(C)(C)C,5.0,active
CHEMBL98017,CN(C[C@H](C(=O)NO)[C@@H](CC1CCCC1)C(=O)N1CCOCC1)S(C)(=O)=O,5.0,active
CHEMBL432397,CC(C)C[C@@H](C(=O)N[C@@H](Cc1ccccc1)C(=O)c1c[nH]c2ccccc12)[C@H](O)C(=O)NO,5.0,active
CHEMBL99981,CC(C)S(=O)(=O)N(C)C[C@H](C(=O)NO)[C@@H](CC1CCCC1)C(=O)N1CCCCC1,5.0,active
CHEMBL325940,CC(C)C[C@H]1C(=O)N[C@H](C(=O)c2ccc(CO)cc2)Cc2ccc(cc2)OCCCC[C@@H]1C(=O)NO,5.0,active
CHEMBL16519,CCCCCCC[C@H](C[C@H](O)CS)C(=O)N[C@H](C(=O)NC)C(C)(C)C,5.0,active
CHEMBL279786,CNC(=O)[C@H](Cc1ccccc1)NC(=O)[C@H](CC(C)C)[C@H](CSc1cccs1)C(=O)NO,5.0,active
CHEMBL102798,COc1ccc(S(=O)(=O)N(CC(=O)NCc2ccccc2)C(CCSCc2ccccc2)C(=O)NO)cc1,5.1,active
CHEMBL320782,CC(C)C[C@H](CC(=O)NO)C(=O)N[C@@H](Cc1ccccc1)C(=O)c1c[nH]c2ccccc12,5.1,active
CHEMBL281371,CNC(=O)[C@@H](NC(=O)[C@@H](CC(=O)NO)CC(C)C)C1CCCCC1,5.4,active
CHEMBL140004,CC1(C)SCCCN(S(=O)(=O)c2ccc(Oc3ccncc3)cc2)[C@H]1C(=O)NO,5.7,active
CHEMBL318484,CC1(C)SCCN(S(=O)(=O)c2ccc(Oc3cccnc3)cc2)[C@H]1C(=O)NO,5.7,active
CHEMBL32285,C=CC[C@](C)(C(=O)NO)[C@@H](CC(C)C)C(=O)N[C@H](C(=O)Nc1ccccc1)C(C)(C)C,50.0,active
CHEMBL432882,CC(C)[C@@H](NS(=O)(=O)c1ccc(Oc2ccccc2)cc1)C(=O)NO,50.0,active
CHEMBL97382,CCS(=O)(=O)N(C)C[C@H](C(=O)NO)[C@@H](CC(C)C)C(=O)N1CCCCC1,50.0,active
CHEMBL51996,CNC(=O)C(Cc1c[nH]c2ccccc12)NC(=O)[C@@H](CC(=O)NN)CC(C)C,50.0,active
CHEMBL47842,CC[C@H](N[C@@H](CC(C)C)C(=O)N[C@@H](Cc1c[nH]c2ccccc12)C(=O)NC)P(=O)(O)O,50.0,active
CHEMBL110312,CC(C)C[C@H](NP(=O)(O)CCCCN1C(=O)c2ccccc2C1=O)C(=O)N[C@@H](Cc1c[nH]c2ccccc12)C(=O)NCc1ccccc1,50.0,active
CHEMBL4160618,NC(=O)CC[C@H](NS(=O)(=O)c1ccc([N+](=O)[O-])cc1)C(=O)O,500000.0,inactive
CHEMBL4162521,CCCCNC(=O)CC[C@H](NS(=O)(=O)c1ccc([N+](=O)[O-])cc1)C(=O)O,500000.0,inactive
CHEMBL4171886,CNC(=O)CC[C@H](NS(=O)(=O)c1ccc([N+](=O)[O-])cc1)C(=O)O,500000.0,inactive
CHEMBL2431025,O=C(CNS(=O)(=O)c1ccc(OCc2cc(Br)cc(-c3cccnc3)c2)cc1)NO,500000.0,inactive
CHEMBL4167291,CC(C)CNC(=O)CC[C@H](NS(=O)(=O)c1ccc([N+](=O)[O-])cc1)C(=O)O,500000.0,inactive
CHEMBL4175156,CCCCCNC(=O)CC[C@H](NS(=O)(=O)c1ccc([N+](=O)[O-])cc1)C(=O)O,500000.0,inactive
CHEMBL2431028,NC(=O)NCCC[C@@H](NS(=O)(=O)c1ccc(OCc2cc(Br)cc(Br)c2)cc1)C(=O)NO,500000.0,inactive
CHEMBL4164016,CCNC(=O)CC[C@H](NS(=O)(=O)c1ccc([N+](=O)[O-])cc1)C(=O)O,500000.0,inactive
CHEMBL2431032,O=C(CNS(=O)(=O)c1ccc(OCc2ccc(-c3ccccc3)cc2)cc1)NO,500000.0,inactive
CHEMBL2431015,O=C(CNS(=O)(=O)c1ccc(OCc2cccc(Br)c2)cc1)NO,500000.0,inactive
CHEMBL2431017,O=C(CNS(=O)(=O)c1ccc(OCc2cccc(OC(F)(F)F)c2)cc1)NO,500000.0,inactive
CHEMBL2431021,O=C(CNS(=O)(=O)c1ccc(OCc2cc(Br)cc(Br)c2)cc1)NO,500000.0,inactive
CHEMBL329104,CC(C)(C)OC(=O)N[C@H](CS(=O)(=O)c1ccc(Oc2ccccc2)cc1)C(=O)NO,500000.0,inactive
CHEMBL4163839,O=C(CC[C@H](NS(=O)(=O)c1ccc([N+](=O)[O-])cc1)C(=O)O)NCc1ccccc1,500000.0,inactive
CHEMBL4170455,CC(C)NC(=O)CC[C@H](NS(=O)(=O)c1ccc([N+](=O)[O-])cc1)C(=O)O,500000.0,inactive
CHEMBL345244,CC(C)C[C@H](N[C@H](CCN1C(=O)c2cc3ccccc3cc2C1=O)C(=O)O)C(=O)NC(C)c1ccccc1,51.0,active
CHEMBL80146,CCN(CC)COc1ccc(CC(C)(C(=O)NO)S(=O)(=O)c2ccc(Br)cc2)cc1,51.0,active
CHEMBL66589,COCCN1CCCC[C@H](NC(=O)[C@H](CC(C)C)[C@@H](CCCO)C(=O)NO)C1=O,51.0,active
CHEMBL431988,CC(C)C[C@@H](C(=O)NC1CCCCCCCCCCNC1=O)[C@@H](S)CC(=O)OC(C)C,51.0,active
CHEMBL118744,COc1ccc(S(=O)(=O)N2CC(O)CN(S(=O)(=O)c3ccc(OC)cc3)C2C(=O)NO)cc1,51.0,active
CHEMBL278060,C#CCOc1ccc(S(=O)(=O)N(C)c2c(C)cc(Br)cc2C(=O)NO)cc1,52.0,active
CHEMBL289003,C=CC[C@@](C)(C(=O)NO)[C@@H](CC(C)C)C(=O)N[C@@H](Cc1ccccc1)C(=O)NC,52.0,active
CHEMBL334567,CC(C)C[C@@H](C(=O)N[C@H](C(=O)Nc1nccs1)[C@H](C)CC/N=C(/N)NS(C)(=O)=O)[C@H](CCC(F)(F)F)N(O)C=O,52.0,active
CHEMBL440714,COc1ccc(S(=O)(=O)N(Cc2ccccc2Cl)C(C)C(=O)NO)cc1,52.48,active
CHEMBL430664,COc1ccc(S(=O)(=O)N2Cc3ccccc3N(C(=O)c3ccc(-c4ccccc4)cc3)CC2C(=O)NO)cc1,53.0,active
CHEMBL122651,COc1ccc(S(=O)(=O)N(CC(=O)NO)Cc2ccccc2[N+](=O)[O-])cc1,53.7,active
CHEMBL123563,COc1ccc(S(=O)(=O)N2CCN(S(=O)(=O)c3c(C)noc3C)CC2C(=O)NO)cc1,54.0,active
CHEMBL77258,CCCCC(CC(=O)NO)S(=O)(=O)C1CCCCC1,54.0,active
CHEMBL418291,CCCc1ccc(CC[C@H]2C(=O)N[C@H](C(=O)NC)Cc3ccc(cc3)OCCCC[C@@H]2C(=O)NO)cc1,54.0,active
CHEMBL345640,CC(C)C[C@H](N[C@H](CCN1C(=O)c2cc3ccccc3cc2C1=O)C(=O)O)C(=O)N1CCN(C)CC1,54.0,active
CHEMBL352231,CNC(=O)[C@H](Cc1ccccc1)NC(=O)[C@H](CC(C)C)N[C@H](CCN1C(=O)c2cc3ccccc3c(OC)c2C1=O)C(=O)O,54.0,active
CHEMBL97962,COc1ccc(S(=O)(=O)N2Cc3ccccc3N(C(=O)c3cc(F)ccc3C)CC2C(=O)NO)cc1,55.0,active
CHEMBL102305,CNC(=O)[C@H](Cc1ccc(OC)cc1)NC(=O)[C@H](Cc1ccccc1S)CC(C)C,55.0,active
CHEMBL1630091,CCN(CC)CCOc1ccc(CCC(Cc2cc3ccc(C)cc3oc2=O)C(=O)NO)cc1,557000.0,inactive
CHEMBL161224,CC(C)C[C@H](N[C@H](CCN1C(=O)c2cc3ccccc3cc2C1=O)C(=O)O)C(=O)NCc1ccc(C(=O)O)cc1,56.0,active
CHEMBL267178,COc1ccc(S(=O)(=O)N(Cc2cccnc2)[C@@H](C(=O)NO)C(C)C)cc1,56.0,active
CHEMBL1090284,COc1ccc(S(=O)(=O)N(CC(C)C)[C@@H](C(=O)NO)C(C)C)cc1,56.0,active
CHEMBL416857,CCCCCCCC[C@@H](C(=O)N[C@H]1CCCCN(CC(=O)OC)C1=O)[C@@H](C)C(=O)NO,57.0,active
CHEMBL337045,CCC[C@@H]([C@@H](CC(C)C)C(=O)N[C@H](C(=O)Nc1nccs1)[C@H](C)CC/N=C(/N)NS(C)(=O)=O)N(O)C=O,57.0,active
CHEMBL316169,COc1ccc(S(=O)(=O)N(Cc2ccccc2)C(C)C(=O)NO)cc1,57.54,active
CHEMBL330588,O=C(NO)C1CN(C(=O)c2ccccc2)c2ccccc2CN1S(=O)(=O)c1ccc(Oc2ccc(Cl)cc2)cc1,59.0,active
CHEMBL2111753,O=C(NO)[C@@]1(NS(=O)(=O)c2ccc(Oc3ccc(Cl)cc3)cc2)CCCOC1,59.0,active
CHEMBL515980,CC(C)[C@H](C(=O)NO)N(CC(=O)O)S(=O)(=O)c1ccc(Oc2ccccc2)cc1,59.0,active
CHEMBL99148,CCS(=O)(=O)N(C)C[C@H](C(=O)NO)[C@@H](CC1CCCC1)C(=O)N1CCCCC1,6.0,active
CHEMBL440945,C#CC#CCOc1ccc(S(=O)(=O)N2CCSC(C)(C)[C@@H]2C(=O)NO)cc1,6.0,active
CHEMBL316954,CC(C)C[C@@H](C(=O)N1CCCCC1)[C@H](CN(C)S(=O)(=O)c1cccc2c(N(C)C)cccc12)C(=O)NO,6.0,active
CHEMBL516206,CNC(=O)[C@H](Cc1ccc(NC(=N)N)cc1)NC(=O)[C@H](CC(C)C)[C@H](CCCc1ccccc1)C(=O)NO,6.0,active
CHEMBL523034,COC(=O)Nc1ccc2oc3cc(S(=O)(=O)N[C@H](C(=O)O)C(C)C)ccc3c2c1,6.0,active
CHEMBL99189,CN(C)S(=O)(=O)N(C)C[C@H](C(=O)NO)[C@@H](CC1CCCC1)C(=O)N1CCCCC1,6.0,active
CHEMBL50209,CNC(=O)C(Cc1c[nH]c2ccccc12)NC(=O)[C@@H](CC(=O)O)CC(C)C,6.0,active
CHEMBL288649,COc1ccc2[nH]c([C@H](CC(C)C)NC(=O)[C@@H](CC(=O)NO)CC(C)C)nc2c1,6.0,active
CHEMBL98044,CN(C[C@H](C(=O)NO)[C@@H](CC1CCCC1)C(=O)N1CCCCC1)S(C)(=O)=O,6.0,active
CHEMBL97936,CN(C[C@H](C(=O)NO)[C@@H](CC1CCCC1)C(=O)N1CCCCC1)S(=O)(=O)c1cccc2ccccc12,6.0,active
CHEMBL340461,CC(C)CC(C(=O)NO)N(Cc1ccccc1)S(=O)(=O)c1c(F)c(F)c(F)c(F)c1F,6.026,active
CHEMBL122711,O=C(CN(Cc1ccccc1[N+](=O)[O-])S(=O)(=O)c1c(F)c(F)c(F)c(F)c1F)NO,6.026,active
CHEMBL64013,CNC(=O)[C@@H]1Cc2ccc(cc2)OCCCC[C@H](C(=O)NO)[C@@H](CCCc2ccc(C)cc2)C(=O)N1,6.1,active
CHEMBL411851,C=CC[C@H](C(=O)NO)[C@@H](CC(C)C)C(=O)N[C@@H](Cc1ccccc1)C(=O)c1cc[nH]c1,6.2,active
CHEMBL303298,CC(C)C[C@H]1C(=O)N[C@H](C(=O)NCCN(C)C)Cc2ccc(cc2)OCCCC[C@@H]1C(=O)NO,6.6,active
CHEMBL98770,CCOc1ccc(CCC[C@H]2C(=O)N[C@H](C(=O)NC)Cc3ccc(cc3)OCCCC[C@@H]2C(=O)NO)cc1,6.8,active
CHEMBL286788,C=CC[C@](C)(C(=O)NO)[C@@H](CC(C)C)C(=O)N[C@@H](CC1CCCCC1)C(=O)NCCc1ccc(S(N)(=O)=O)cc1,6.9,active
CHEMBL288896,COC(=O)c1ccc(NC(=O)[C@H](CC(C)C)NC(=O)[C@@H](CC(=O)NO)CC(C)C)cc1,6.9,active
CHEMBL306726,CC(C(=O)NO)N(Cc1ccccc1[N+](=O)[O-])S(=O)(=O)c1c(F)c(F)c(F)c(F)c1F,6.918,active
CHEMBL300902,CNC(=O)C(Cc1c[nH]c2ccccc12)NC(=O)[C@@H](CC(=O)Nc1ccccn1)CC(C)C,60.0,active
CHEMBL172588,COc1ccc(S(=O)(=O)C(CCS)Cc2ccccc2)cc1,60.0,active
CHEMBL109239,CC(C)C[C@H]1C(=O)N[C@H](C(=O)c2ccc(S(C)(=O)=O)cc2)Cc2ccc(cc2)OCCCC[C@@H]1C(=O)NO,60.0,active
CHEMBL11306,CNC(=O)[C@H](Cc1ccccc1)NC(=O)[C@@H](CC(=O)NO)CC(C)C,60.0,active
CHEMBL124558,COc1ccc(S(=O)(=O)N2CCN(S(=O)(=O)c3ccc(OC)cc3)C(C(=O)NO)C2)cc1,60.0,active
CHEMBL28170,CNC(=O)[C@H](NC(=O)C(CC(C)C)CP(=O)(O)Cc1ccc(Cc2ccccc2)cc1)C(C)(C)C,60.0,active
CHEMBL98917,CC(C)C[C@@H](C(=O)N1CCCCC1)[C@H](CN(C)S(C)(=O)=O)C(=O)NO,60.0,active
CHEMBL82868,COc1ccc(S(=O)(=O)N(CC(=O)NO)Cc2ccccc2)cc1,60.26,active
CHEMBL122836,CC(C(=O)NO)N(Cc1ccc([N+](=O)[O-])cc1)S(=O)(=O)C(F)(F)C(F)(F)C(F)(F)C(F)(F)F,60.26,active
CHEMBL254400,CNC(=O)[C@@H](NC(=O)C(CC(C)C)CP(=O)(O)Cc1ccc(Cc2ccccc2)cc1)C(C)(C)C,60.26,active
CHEMBL94185,Cc1ccc(S(=O)(=O)NC(CS(=O)(=O)c2ccc(Sc3ccccc3)cc2)C(=O)NO)cc1,600000.0,inactive
CHEMBL316822,COCC(=O)N1CC(C(=O)NO)N(S(=O)(=O)c2ccc(Oc3ccc(Cl)cc3)cc2)Cc2ccccc21,61.0,active
CHEMBL316298,CC#CCOc1ccc(S(=O)(=O)N(C)C(CSCc2cccnc2)C(=O)NO)cc1,61.0,active
CHEMBL343082,CCCCCc1ccc(S(=O)(=O)N2CCCSC(C)(C)[C@@H]2C(=O)NO)cc1,61.0,active
CHEMBL422266,CC(C)C[C@H](NC(=O)[C@H](CCc1ccccc1)NC(=O)[C@@H](C)N)C(=O)Nc1ccccc1,61.0,active
CHEMBL55110,O=C(CN(Cc1ccc([N+](=O)[O-])cc1)S(=O)(=O)C(F)(F)C(F)(F)C(F)(F)C(F)(F)F)NO,61.66,active
CHEMBL345054,COc1ccc(S(=O)(=O)N2CCSCC2C(=O)NO)cc1,62.0,active
CHEMBL436580,COc1ccc(S(=O)(=O)N2CCN(C(=O)c3ccno3)CC2C(=O)NO)cc1,62.0,active
CHEMBL2431019,O=C(CNS(=O)(=O)c1ccc(OCc2cccc3cccnc23)cc1)NO,620000.0,inactive
CHEMBL58546,COC(=O)[C@H](Cc1ccccc1)NC(=O)[C@H](CS)NC(=O)C(F)(F)F,63.0,active
CHEMBL4067375,COc1ccc(S(=O)(=O)N2CCCSC[C@@H]2C(=O)NO)cc1,64.0,active
CHEMBL140568,COc1ccc(S(=O)(=O)N2CCCSCC2C(=O)NO)cc1,64.0,active
CHEMBL30034,COc1ccc(CN2C(=O)[C@H](CS)NC(=O)[C@@H]2Cc2ccccc2)cc1,64.0,active
CHEMBL210133,CC#CCOc1ccc(S(=O)(=O)CC2(C(=O)NO)CCN(S(=O)(=O)Cc3ccccc3)CC2)cc1,65.0,active
CHEMBL114815,O=C(NO)C1(NS(=O)(=O)c2ccc(Oc3ccc(F)cc3)cc2)CCCC1,65.0,active
CHEMBL38352,COc1ccc(S(=O)(=O)N(Cc2cccnc2)c2c(C(=O)NO)cnc3c(Br)cccc23)cc1,65.0,active
CHEMBL26913,CCCN1C(=O)[C@H](CS)NC(=O)[C@@H]1Cc1ccc([N+](=O)[O-])cc1,65.0,active
CHEMBL126388,COc1ccc(S(=O)(=O)N2CCN(/C(S)=N/Cc3ccccc3)CC2C(=O)NO)cc1,68.0,active
CHEMBL331095,COc1ccc(S(=O)(=O)N2CCN(C(=O)c3cccs3)CC2C(=O)NO)cc1,68.0,active
CHEMBL16087,CC(C)CC(C(=O)CS)C(=O)N[C@H](C(=O)Nc1ccccn1)C(C)(C)C,69.0,active
CHEMBL380439,CCCCOc1ccc(S(=O)(=O)N2CCSC(C)(C)[C@@H]2C(=O)NO)cc1,7.0,active
CHEMBL289513,CC(C)C[C@H](CC(=O)NO)C(=O)N[C@@H](CC(C)C)c1nc2cc(C(F)(F)F)ccc2[nH]1,7.0,active
CHEMBL383079,C/C=C/COc1ccc(S(=O)(=O)N2CCSC(C)(C)[C@@H]2C(=O)NO)cc1,7.0,active
CHEMBL382975,CC#CCOc1ccc(S(=O)(=O)N2CCSC(C)(C)C2C(=O)NO)cc1,7.0,active
CHEMBL207729,CC#CCOc1ccc(S(=O)(=O)N2CCSC(C)(C)[C@@H]2C(=O)NO)cc1,7.0,active
CHEMBL262676,O=C(CN(Cc1ccccc1)S(=O)(=O)c1c(F)c(F)c(F)c(F)c1F)NO,7.079,active
CHEMBL123463,CC(C(=O)NO)N(Cc1ccccc1)S(=O)(=O)c1c(F)c(F)c(F)c(F)c1F,7.079,active
CHEMBL332755,CC(C)C(C(=O)NO)N(Cc1ccccc1)S(=O)(=O)c1c(F)c(F)c(F)c(F)c1F,7.079,active
CHEMBL471537,CC(C)[C@H](C(=O)NO)N(CC(=O)NCCc1ccc(S(N)(=O)=O)cc1)S(=O)(=O)c1ccc(Oc2ccccc2)cc1,7.8,active
CHEMBL78001,CCCCC(CC(=O)NO)S(=O)(=O)c1ccc2ccccc2c1,70.0,active
CHEMBL125755,COc1ccc(S(=O)(=O)N2CCN(C(=O)NCCc3ccccc3)CC2C(=O)NO)cc1,70.0,active
CHEMBL350789,CC(C)C[C@H](N[C@H](CCN1C(=O)c2cc3ccccc3cc2C1=O)C(=O)O)C(=O)NCc1ccc(S(N)(=O)=O)cc1,70.0,active
CHEMBL123499,CCCCCCN(C)C(=O)N1CCN(S(=O)(=O)c2ccc(OC)cc2)C(C(=O)NO)C1,71.0,active
CHEMBL332302,COc1ccc(S(=O)(=O)N2CCN(C(C)=O)CC2C(=O)NO)cc1,73.0,active
CHEMBL30055,CCCCOc1ccc(C(C(=O)NC(C)(C)C)N2C(=O)[C@H](CS)NC(=O)[C@@H]2Cc2ccc([N+](=O)[O-])cc2)cc1,73.0,active
CHEMBL151133,CCCCOc1ccc(S(=O)(=O)N2C/C(=N\OC(C)(C)C)C[C@@H]2C(=O)NO)cc1,74.0,active
CHEMBL148136,COc1ccc(S(=O)(=O)N2C[C@@H](N(Cc3cccnc3)S(C)(=O)=O)C[C@@H]2C(=O)NO)cc1,74.0,active
CHEMBL317132,O=C(NO)C(CCn1nnc2ccccc2c1=O)COc1ccc(-c2ccc(Cl)cc2)cc1,74.0,active
CHEMBL5278767,COc1ccc(S(=O)(=O)N(c2c(C)cc(-c3cccc(C(F)(F)F)c3)cc2C(=O)NO)N(C)C)cc1,74.0,active
CHEMBL419995,COc1ccc(S(=O)(=O)N(Cc2cccnc2)c2c(C)cc(N(C)C)cc2C(=O)NO)cc1,74.0,active
CHEMBL158571,CC(C)C[C@@H](N[C@H](CCN1C(=O)c2cc3ccccc3cc2C1=O)C(=O)O)C(=O)NC(C)c1ccccc1,74.0,active
CHEMBL286254,O=C1N[C@@H](CS)C(=O)N(Cc2ccc3ccccc3n2)[C@H]1Cc1ccc([N+](=O)[O-])cc1,74.0,active
CHEMBL357934,CCCCOc1ccc(S(=O)(=O)N2C/C(=N\OCC(C)C)C[C@@H]2C(=O)NO)cc1,75.0,active
CHEMBL285546,COc1ccc(S(=O)(=O)N(Cc2cccnc2)c2c(C(=O)NO)cnc3c(I)cccc23)cc1,75.0,active
CHEMBL133369,CCC[C@@H]([C@@H](CC(C)C)C(=O)N[C@@H](CCC/N=C(/N)NS(=O)(=O)c1ccccn1)C(=O)Nc1nccs1)N(O)C=O,76.0,active
CHEMBL376557,CC(C)[C@H](NS(=O)(=O)c1ccc(-c2ccc(Cl)cc2)cc1)P(=O)(O)O,77.0,active
CHEMBL287820,COc1ccc(S(=O)(=O)N(Cc2cccnc2)c2c(C(=O)NO)cnc3cc(C(F)(F)F)ccc23)cc1,77.0,active
CHEMBL91668,CC(=O)NC(CS(=O)(=O)c1ccc(Oc2ccccc2)cc1)C(=O)NO,770000.0,inactive
CHEMBL75487,CC1(C)NC(=O)N(CC(CS(=O)(=O)c2ccc(-c3cccc(CC#N)c3)cc2)N(O)C=O)C1=O,78.0,active
CHEMBL76038,CCCCCCCCS(=O)(=O)C(C)(Cc1ccccc1)C(=O)NO,78.0,active
CHEMBL333729,COc1ccc(S(=O)(=O)N2CCCN(S(=O)(=O)c3ccc(OC)cc3)C2C(=O)NO)cc1,79.0,active
CHEMBL118848,COc1ccc(S(=O)(=O)N2CC3(CN(S(=O)(=O)c4ccc(OC)cc4)C2C(=O)NO)SCCCS3)cc1,79.0,active
CHEMBL438692,CC(N)P(=O)(O)CC(CCc1ccccc1)C(=O)NC(Cc1c[nH]c2ccccc12)C(N)=O,79.43,active
CHEMBL56289,NC(=O)[C@H](Cc1ccccc1)NC(=O)[C@H](CS)NC(=O)c1ccc2[nH]nnc2c1,8.0,active
CHEMBL123967,COc1ccc(S(=O)(=O)N2CCN(S(C)(=O)=O)CC2C(=O)NO)cc1,8.0,active
CHEMBL114657,CNC(=O)[C@H](Cc1ccccc1)NC(=O)[C@H](CC(C)C)[C@H](CSc1ccc(O)cc1)C(=O)NO,8.0,active
CHEMBL135034,CC(C)C[C@@H](C(=O)N[C@H](C(=O)Nc1nccs1)[C@H](C)CC/N=C(/N)NS(C)(=O)=O)[C@H](C(C)C)N(O)C=O,8.1,active
CHEMBL311266,COCCOC(=O)N1CCC(C(NS(=O)(=O)c2ccc(-c3ccc(OC)cc3)cc2)C(=O)O)CC1,8.1,active
CHEMBL473539,CC1(C)SCCN(S(=O)(=O)c2ccc(Oc3ccccc3)cc2)[C@H]1C(=O)NO,8.3,active
CHEMBL286772,COC(=O)[C@@H]1CCN(S(=O)(=O)c2ccc(Oc3ccc(F)cc3)cc2)[C@@H](C(=O)NO)C1,8.5,active
CHEMBL318190,COc1ccc(S(=O)(=O)N(C)C[C@H](C(=O)NO)[C@@H](CC(C)C)C(=O)N2CCCCC2)cc1,80.0,active
CHEMBL419430,COc1ccc(S(=O)(=O)N2CCN(C(=O)Nc3cccc(OC)c3)CC2C(=O)NO)cc1,80.0,active
CHEMBL90604,O=C(N[C@H](CS(=O)(=O)c1ccc(Sc2ccccc2)cc1)C(=O)NO)OCc1ccccc1,8000000.0,inactive
CHEMBL150483,CO/N=C1/C[C@H](C(=O)NO)N(S(=O)(=O)c2ccc(Oc3ccncc3)cc2)C1,81.0,active
CHEMBL339903,COc1ccc(S(=O)(=O)N2CCN(C(=O)OC(C)(C)C)CC2C(=O)NO)cc1,81.0,active
CHEMBL421644,COc1ccc(S(=O)(=O)N2CCN(C(=O)c3ccccc3)CC2C(=O)NO)cc1,81.0,active
CHEMBL351887,CNC(=O)[C@H](Cc1ccccc1)NC(=O)[C@H](CC(C)C)N[C@H](CCN1C(=O)c2ccccc2C1=O)C(=O)O,81.0,active
CHEMBL331834,COc1ccc(S(=O)(=O)N(Cc2ccccc2)c2c(C)cc(C)cc2C(=O)NO)cc1,82.0,active
CHEMBL101612,CN1CCN(Cc2cc(Br)cc(C(=O)NO)c2N(C)S(=O)(=O)c2ccc(Oc3ccc(Cl)cc3)cc2)CC1,82.0,active
CHEMBL5278145,CC1(C)NC(=O)N(C[C@H](CS(=O)(=O)c2ccc(-c3ccc(OC(F)(F)F)cc3)cc2)N(O)C(=O)O)C1=O,82.0,active
CHEMBL76043,CC1(C)C(=O)NC(=O)N1CC(CS(=O)(=O)c1ccc(-c2ccc(OC(F)(F)F)cc2)cc1)N(O)C=O,82.0,active
CHEMBL302489,CCC[C@@H](C(=O)NO)[C@@H](CC(C)C)C(=O)N[C@H]1CCCCN(CCOC)C1=O,83.0,active
CHEMBL55931,NC(=O)[C@H](Cc1ccccc1)NC(=O)[C@H](CS)NC(=O)c1ccc(O)nc1,83.0,active
CHEMBL347249,CC(C)C[C@H](N[C@H](CCN1C(=O)c2cc3ccccc3cc2C1=O)C(=O)O)C(=O)N1CCc2ccccc2C1,84.0,active
CHEMBL135251,CC1CCC(C[C@@H](C(=O)N[C@@H](CCC/N=C(/N)N[N+](=O)[O-])C(=O)Nc2nccs2)[C@H](C(C)C)N(O)C=O)CC1,85.0,active
CHEMBL351344,CNC(=O)[C@H](C)NC(=O)[C@H](CC(C)C)N[C@H](CCN1C(=O)c2cc3ccccc3cc2C1=O)C(=O)O,86.0,active
CHEMBL352066,CC(C)C[C@H](N[C@H](CCN1C(=O)c2cc3ccccc3cc2C1=O)C(=O)O)C(=O)N(C)C,86.0,active
CHEMBL151235,CONC1C[C@H](C(=O)NO)N(S(=O)(=O)c2ccc(Oc3ccccc3)cc2)C1,86.0,active
CHEMBL1927186,COc1ccc(-c2ccc(/C=C3/SC(=S)N(CC(=O)O)C3=O)o2)cc1,860000.0,inactive
CHEMBL381505,CC(C)(C)OC(=O)NCCCCC#CCOc1ccc(S(=O)(=O)N2CCSC(C)(C)[C@@H]2C(=O)NO)cc1,87.0,active
CHEMBL433902,CC(C)C[C@H](N[C@H](CCN1C(=O)c2cc3ccccc3cc2C1=O)C(=O)O)C(=O)NCc1ccccc1,87.0,active
CHEMBL124514,CCCCCCN(C)C(=O)N1CCN(S(=O)(=O)c2ccc(Br)cc2)C(C(=O)NO)C1,87.0,active
CHEMBL147804,CCCN(C(=O)[C@H](C)O)[C@H]1C[C@H](C(=O)NO)N(S(=O)(=O)c2ccc(OC)cc2)C1,87.0,active
CHEMBL358539,COc1ccc(S(=O)(=O)N2CCc3cc(OCc4ccccc4)ccc3C2C(=O)NO)cc1,88.0,active
CHEMBL432842,CNC(=O)[C@@H](NC(=O)[C@H](CCCc1ccccc1)CC(=O)NO)c1ccccc1,89.0,active
CHEMBL329313,CN(C[C@H](C(=O)NO)[C@@H](CC1CCCC1)C(=O)N1CCCCC1)S(=O)(=O)c1ccc(Cl)cc1,9.0,active
CHEMBL318716,CN(C[C@H](C(=O)NO)[C@@H](CC1CCCC1)C(=O)N1CCCCC1)S(=O)(=O)C(F)(F)F,9.0,active
CHEMBL97762,CC#CCOc1ccc(S(=O)(=O)NCCC(=O)NO)cc1,9.0,active
CHEMBL96637,CC#CCOc1ccc(S(=O)(=O)N(C)C(C(=O)NO)C(C)(C)SCc2cccnc2)cc1,9.0,active
CHEMBL298033,CC(C)C[C@H](CC(=O)NO)C(=O)N[C@@H](CC(C)C)c1ncc[nH]1,9.0,active
CHEMBL111736,CC(C)C[C@H]1C(=O)N[C@H](C(=O)c2ccccc2)Cc2ccc(cc2)OCCCCC[C@@H]1C(=O)NO,9.1,active
CHEMBL32839,CNC(=O)[C@H](Cc1ccccc1)NC(=O)[C@H](CC(C)C)C(C)(C)C(=O)NO,9.4,active
CHEMBL151399,C=C1C[C@H](C(=O)NO)N(S(=O)(=O)c2ccc(OC)cc2)C1,90.0,active
CHEMBL75302,CC1(C)NC(=O)N(CC(CS(=O)(=O)c2ccc(Oc3ccc(Cl)cc3)cc2)N(O)C=O)C1=O,90.0,active
CHEMBL450875,O=C(O)CCN(C1(C(=O)NO)CCC1)S(=O)(=O)c1ccc(Oc2ccc(F)cc2)cc1,90.0,active
CHEMBL433426,CCCCCCCCC[C@H](CC(=O)NO)C(=O)N[C@H](C(=O)NC)c1ccccc1,90.0,active
CHEMBL329599,O=C(N[C@H](CS(=O)(=O)c1ccc(Oc2ccccc2)cc1)C(=O)NO)c1ccncc1,900000.0,inactive
CHEMBL498915,CNC(=O)[C@H](Cc1c[nH]c2ccccc12)NC(=O)[C@@H](CC(=O)NNS(=O)(=O)c1ccc(N2C(=O)CCC2=O)cc1)CC(C)C,91.0,active
CHEMBL539787,COc1ccc(S(=O)(=O)N2CCCNCC2C(=O)NO)cc1.Cl,91.0,active
CHEMBL338077,COc1ccc(S(=O)(=O)N2CCN(C(=O)COc3ccccc3)CC2C(=O)NO)cc1,92.0,active
CHEMBL359502,CC#CCOc1ccc(S(=O)(=O)N2CCN(C(=O)OC(C)(C)C)CCC2C(=O)NO)cc1,92.0,active
CHEMBL19623,CNC(=O)[C@@H](NC(=O)[C@H](CCc1ccccc1)CC(=O)NO)c1ccccc1,92.0,active
CHEMBL203886,CC1(C)SCCN(S(=O)(=O)c2ccc(OCC#CCCCCN)cc2)[C@H]1C(=O)NO,92.0,active
CHEMBL75433,CCCCC(CC(=O)NO)[S+]([O-])c1ccccc1,93.0,active
CHEMBL126977,O=C(O)[C@H]1[C@H](CN2C(=O)c3ccccc3C2=O)CC[C@@H]1Sc1ccc(-c2ccccc2)cc1,93.0,active
CHEMBL522422,CNC(=O)[C@H](Cc1c[nH]c2ccccc12)NC(=O)[C@@H](CC(=O)NNS(=O)(=O)c1ccccc1N)CC(C)C,93.0,active
CHEMBL20043,CNC(=O)[C@@H](NC(=O)[C@H](CCCc1ccccc1)CC(=O)NO)C(C)C,93.0,active
CHEMBL293130,NC(=O)[C@H](Cc1ccccc1)NC(=O)[C@H](CS)NC(=O)c1ccncc1,93.0,active
CHEMBL194237,CC#CCOc1ccc(S(=O)(=O)N2CCN(S(C)(=O)=O)CC2C(=O)NO)cc1,96.0,active
CHEMBL373831,C#CCOc1ccc(S(=O)(=O)C2(C(=O)NO)CCN(Cc3ccccc3)CC2)cc1,96.0,active
CHEMBL62436,CCC[C@@H](C(=O)NO)[C@@H](CC(C)C)C(=O)N[C@H]1CCCCN(CC(=O)OC)C1=O,96.0,active
CHEMBL135983,CC1CCC(C[C@@H](C(=O)N[C@@H](CCC/N=C(/N)NS(=O)(=O)c2ccccn2)C(=O)Nc2nccs2)[C@H](C(C)C)N(O)C=O)CC1,96.0,active
CHEMBL267939,COc1ccc(S(=O)(=O)N2CCN(C(=O)OCc3ccccc3)CC[C@@H]2C(=O)NO)cc1,97.0,active
CHEMBL202839,CC1(C)SCCN(S(=O)(=O)c2ccc(OCC#CCN)cc2)[C@H]1C(=O)NO,97.0,active
CHEMBL227484,Cc1ccc(-c2ccc(S(=O)(=O)N[C@@H](C(C)C)P(=O)(O)O)cc2)cc1,98.0,active
CHEMBL127093,COc1ccc(S(=O)(=O)N2CCN(C(=O)NCc3ccccc3)CC2C(=O)NO)cc1,99.0,active
CHEMBL75925,CC(Cc1ccc(OCCN2CCCCC2)cc1)(C(=O)NO)S(=O)(=O)c1cccs1,99.0,active
